vite v8.3.0 building client environment for production...
transforming...
<script src="./vendor/prism.js"> in "/index.html" can't be bundled without type="module" attribute
<script src="./vendor/jszip.js"> in "/index.html" can't be bundled without type="module" attribute
✓ 2399 modules transformed.
rendering chunks...
computing gzip size...
dist/PARTS-LICENSE                                        4.59 kB
dist/index.html                                          11.05 kB │ gzip:   4.46 kB
dist/THIRD-PARTY-NOTICES.md                              12.54 kB
dist/assets/hero-asterisk-GMkfq3NO.json                  26.75 kB │ gzip:   7.33 kB
dist/assets/tension-mobile-Dsn8Vnr3.json                 28.24 kB │ gzip:   7.58 kB
dist/assets/soft-tile-CTMuibac.json                      28.56 kB │ gzip:   7.70 kB
dist/assets/paper-card-Bb6bcMtz.json                     28.71 kB │ gzip:   7.71 kB
dist/assets/outline-card-CDBc0fZ0.json                   28.81 kB │ gzip:   7.67 kB
dist/assets/inset-panel-BTDxOndt.json                    28.87 kB │ gzip:   7.75 kB
dist/assets/kiln-surface-C-lg6ulH.json                   28.88 kB │ gzip:   7.41 kB
dist/assets/vellum-pocket-DuG2kY-a.json                  28.97 kB │ gzip:   7.46 kB
dist/assets/slate-card-CaYpz4QZ.json                     29.01 kB │ gzip:   7.84 kB
dist/assets/editorial-card-CMCzJBnt.json                 29.07 kB │ gzip:   7.72 kB
dist/assets/caption-surface-CwQCNAQY.json                29.10 kB │ gzip:   7.34 kB
dist/assets/plotted-surface-DErVE_UI.json                29.37 kB │ gzip:   7.40 kB
dist/assets/inlaid-surface-BnVdjfsg.json                 29.45 kB │ gzip:   7.45 kB
dist/assets/scalloped-folio-DV8G3oGM.json                29.58 kB │ gzip:   7.47 kB
dist/assets/prism-spokes-DqFcim7B.json                   29.99 kB │ gzip:   8.50 kB
dist/assets/notation-dots-CgGlGAqt.json                  30.23 kB │ gzip:   8.47 kB
dist/assets/fold-mark-CyfYjyYD.json                      30.30 kB │ gzip:   8.63 kB
dist/assets/index-ticks-CjdLRF79.json                    30.46 kB │ gzip:   8.49 kB
dist/assets/corner-bracket-D_keVbF5.json                 30.61 kB │ gzip:   8.52 kB
dist/assets/prism-well-i-yz07-y.json                     30.69 kB │ gzip:   8.84 kB
dist/assets/halo-axis-iYgMC9oB.json                      30.74 kB │ gzip:   8.63 kB
dist/assets/grid-nick-Q8GHCzXU.json                      30.79 kB │ gzip:   8.51 kB
dist/assets/echo-beam-DkwO39BK.json                      30.93 kB │ gzip:   8.59 kB
dist/assets/slim-orbit-DcHNpMpK.json                     31.16 kB │ gzip:   8.48 kB
dist/assets/signal-pins-jTmX3rcW.json                    31.26 kB │ gzip:   8.69 kB
dist/assets/orbit-knot-7FTDLciI.json                     31.28 kB │ gzip:   8.65 kB
dist/assets/kinetic-cross-DEgkemyn.json                  31.50 kB │ gzip:   8.68 kB
dist/assets/tide-sweep-CwHgibFJ.json                     31.78 kB │ gzip:   8.55 kB
dist/assets/rule-knot-1_4MEy9G.json                      31.84 kB │ gzip:   8.51 kB
dist/assets/quiet-divider-BHseSo-I.json                  32.03 kB │ gzip:   8.53 kB
dist/assets/soft-spark-mkhe6WXr.json                     32.08 kB │ gzip:   8.53 kB
dist/assets/lattice-star-BvaN1isC.json                   32.19 kB │ gzip:   8.64 kB
dist/assets/ribbon-comet-CNDoGbSb.json                   32.20 kB │ gzip:   8.74 kB
dist/assets/echo-glyph-Ch1rUHOq.json                     32.26 kB │ gzip:   8.93 kB
dist/assets/ribbon-fold-BWShRuV_.json                    32.36 kB │ gzip:   8.96 kB
dist/assets/asterism-burst-Bp78GX47.json                 32.42 kB │ gzip:   8.76 kB
dist/assets/fan-spark-FfDMZEbG.json                      32.48 kB │ gzip:   9.00 kB
dist/assets/hinge-star-DXoJD_j5.json                     32.48 kB │ gzip:   9.00 kB
dist/assets/aurora-veil-CAu9e4ZK.json                    33.46 kB │ gzip:   9.23 kB
dist/assets/prismatic-edge-BWw2yCdB.json                 33.61 kB │ gzip:   9.14 kB
dist/assets/liquid-lens-SQKd6AJ4.json                    33.66 kB │ gzip:   9.20 kB
dist/assets/obsidian-BXQtvgQL.json                       33.89 kB │ gzip:   9.43 kB
dist/assets/signal-orbit-sxr3_uvX.json                   34.17 kB │ gzip:   9.42 kB
dist/assets/tide-knot-BV4V6SXG.json                      34.19 kB │ gzip:   9.25 kB
dist/assets/velvet-k7ZuGzoW.json                         34.20 kB │ gzip:   9.43 kB
dist/assets/magnetic-rift-DU_Uul9I.json                  34.36 kB │ gzip:   9.22 kB
dist/assets/gallery-plinth-BFbE8XLZ.json                 34.62 kB │ gzip:   9.31 kB
dist/assets/ripple-glass-BGzBTJQb.json                   34.69 kB │ gzip:   9.63 kB
dist/assets/copper-plate-BynzZApn.json                   35.04 kB │ gzip:   9.31 kB
dist/assets/blueprint-bibLnLfp.json                      35.07 kB │ gzip:   9.40 kB
dist/assets/nocturne-CQtefV8h.json                       35.08 kB │ gzip:   9.66 kB
dist/assets/iridescent-surface-Byy6-y2u.json             36.00 kB │ gzip:   9.67 kB
dist/assets/folded-paper-DT_s08Zb.json                   36.11 kB │ gzip:   9.80 kB
dist/assets/contour-46T3nnhW.json                        36.20 kB │ gzip:  10.06 kB
dist/assets/luminous-frame-CEe77b9w.json                 36.27 kB │ gzip:   9.74 kB
dist/assets/original-surface-pbuPKhDB.json               36.98 kB │ gzip:   9.69 kB
dist/assets/frosted-glass-D6ZNzt1F.json                  37.09 kB │ gzip:   9.95 kB
dist/assets/machined-panel-LoX6MGG9.json                 38.77 kB │ gzip:  10.17 kB
dist/assets/louver-link-Cs8h_zGX.json                    39.63 kB │ gzip:   9.86 kB
dist/assets/compass-link-Cpi_cgqW.json                   39.66 kB │ gzip:  10.26 kB
dist/assets/copper-wire-link-COf54oD0.json               39.80 kB │ gzip:   9.73 kB
dist/assets/prismatic-link-DWH9tRF5.json                 39.92 kB │ gzip:  10.31 kB
dist/assets/runway-link-ohUSmURS.json                    39.99 kB │ gzip:  10.41 kB
dist/assets/index-link-Kdd5qCCz.json                     40.01 kB │ gzip:  10.41 kB
dist/assets/ticket-link-CP2z2kU6.json                    40.12 kB │ gzip:  10.46 kB
dist/assets/back-link-vzW378j-.json                      40.16 kB │ gzip:  10.31 kB
dist/assets/swing-tag-link-mHSf2CNo.json                 40.22 kB │ gzip:   9.89 kB
dist/assets/icon-rail-link-BzaBhtEa.json                 40.27 kB │ gzip:   9.88 kB
dist/assets/orbital-link-BD6Qp_B-.json                   40.28 kB │ gzip:  10.41 kB
dist/assets/corner-turn-link-nxQNvvz7.json               40.29 kB │ gzip:   9.86 kB
dist/assets/narrow-gate-link-CVCQPCG4.json               40.35 kB │ gzip:   9.89 kB
dist/assets/dipped-label-link-CcqebZ3z.json              40.39 kB │ gzip:   9.89 kB
dist/assets/offset-title-link-CdBvr1Ls.json              40.40 kB │ gzip:   9.83 kB
dist/assets/destination-link-Bw-7cCJS.json               40.41 kB │ gzip:   9.84 kB
dist/assets/scored-edge-link-B-KQY-ZB.json               40.48 kB │ gzip:   9.93 kB
dist/assets/retracting-link-LVlkktdH.json                40.49 kB │ gzip:   9.91 kB
dist/assets/atlas-spur-link-MyBRq4n9.json                40.50 kB │ gzip:   9.94 kB
dist/assets/editorial-link-SMsXmXPQ.json                 40.55 kB │ gzip:  10.41 kB
dist/assets/inline-link-Ciy2AIMq.json                    40.70 kB │ gzip:  10.31 kB
dist/assets/blueprint-link-CrG1nIUD.json                 40.80 kB │ gzip:  10.47 kB
dist/assets/portal-link-CvLZwKn1.json                    40.81 kB │ gzip:  10.38 kB
dist/assets/ribbon-link-C1YaYIPR.json                    40.88 kB │ gzip:  10.42 kB
dist/assets/muted-reference-link-CUxeemTT.json           40.91 kB │ gzip:   9.87 kB
dist/assets/text-arrow-link-BAwV0fsT.json                40.98 kB │ gzip:  10.32 kB
dist/assets/external-link-D_XICGKb.json                  41.14 kB │ gzip:  10.36 kB
dist/assets/underline-link-DL68PWuE.json                 41.31 kB │ gzip:  10.35 kB
dist/assets/shoji-toggle-CA-SNfgy.json                   44.14 kB │ gzip:  10.82 kB
dist/assets/braided-toggle-BgtYWqrJ.json                 44.58 kB │ gzip:  10.84 kB
dist/assets/pneumatic-toggle-lvLVvlso.json               44.82 kB │ gzip:  10.88 kB
dist/assets/cantilever-toggle-CThkKwl8.json              45.43 kB │ gzip:  10.97 kB
dist/assets/rocker-BfMJ7puI.json                         45.63 kB │ gzip:  11.75 kB
dist/assets/quiet-BK0vIQoP.json                          45.89 kB │ gzip:  11.66 kB
dist/assets/suture-button-C_pddFD4.json                  46.74 kB │ gzip:  11.47 kB
dist/assets/nixie-button-DnadERof.json                   46.76 kB │ gzip:  11.91 kB
dist/assets/aurora-button-BAXU5KMc.json                  46.86 kB │ gzip:  11.92 kB
dist/assets/porcelain-BoQCrfzG.json                      46.89 kB │ gzip:  11.74 kB
dist/assets/rail-BLGtc8TT.json                           47.02 kB │ gzip:  11.72 kB
dist/assets/bellows-button-BgRoxCmb.json                 47.07 kB │ gzip:  11.46 kB
dist/assets/mercury-button-Ty1nvVBG.json                 47.13 kB │ gzip:  11.96 kB
dist/assets/copper-button-DsgtyvGc.json                  47.17 kB │ gzip:  11.98 kB
dist/assets/segment-BG26VeNW.json                        47.20 kB │ gzip:  11.66 kB
dist/assets/shortcut-button-DdrtQ-d9.json                47.21 kB │ gzip:  11.43 kB
dist/assets/danger-button-B7mmnwuP.json                  47.23 kB │ gzip:  11.78 kB
dist/assets/outline-M4OROKXe.json                        47.26 kB │ gzip:  11.68 kB
dist/assets/arrowhead-button-IT_HuHsw.json               47.31 kB │ gzip:  11.49 kB
dist/assets/spinneret-button-Cbn-cyrp.json               47.49 kB │ gzip:  11.53 kB
dist/assets/pill-button-C4dkm5pn.json                    47.73 kB │ gzip:  11.94 kB
dist/assets/stamp-button-CEPVjGm5.json                   47.75 kB │ gzip:  12.11 kB
dist/assets/outline-button-BXWwX1py.json                 47.76 kB │ gzip:  11.94 kB
dist/assets/solid-button-ItUqb0YN.json                   47.86 kB │ gzip:  11.95 kB
dist/assets/orbit-button-CnUSvLGZ.json                   47.96 kB │ gzip:  12.14 kB
dist/assets/velvet-button-Btp5MUNW.json                  47.98 kB │ gzip:  12.18 kB
dist/assets/quiet-button-Vf2g2Smr.json                   48.03 kB │ gzip:  11.98 kB
dist/assets/kinetic-button-C1aQ2JBN.json                 48.05 kB │ gzip:  12.15 kB
dist/assets/liquid-button-BisbloY4.json                  48.06 kB │ gzip:  12.22 kB
dist/assets/origami-button-CeUpumas.json                 48.11 kB │ gzip:  12.18 kB
dist/assets/signal-button-vbaxOvkk.json                  48.17 kB │ gzip:  12.18 kB
dist/assets/mono-button-ZdyzTYq7.json                    48.20 kB │ gzip:  12.02 kB
dist/assets/capsule-button-qBjuCzMP.json                 48.20 kB │ gzip:  12.16 kB
dist/assets/tessera-button-DqcLwlS5.json                 48.23 kB │ gzip:  12.17 kB
dist/assets/obsidian-button-C713PtXQ.json                48.24 kB │ gzip:  12.17 kB
dist/assets/porcelain-key-button-BKNfPPDC.json           48.30 kB │ gzip:  11.63 kB
dist/assets/helios-button-DvudPAf2.json                  48.35 kB │ gzip:  12.26 kB
dist/assets/blueprint-button-tuoEqQ5j.json               48.69 kB │ gzip:  12.23 kB
dist/assets/lgc-blocks-mist-CeP00Hq8.json                54.21 kB │ gzip:  12.60 kB
dist/assets/lgc-blocks-lens-DA4H3EYq.json                54.48 kB │ gzip:  12.72 kB
dist/assets/prism-check-Cg1iaOo1.json                    55.74 kB │ gzip:  13.56 kB
dist/assets/nixie-check-DJt6BRrX.json                    55.80 kB │ gzip:  13.55 kB
dist/assets/aurora-check-ukpNi0wT.json                   55.94 kB │ gzip:  13.53 kB
dist/assets/titanium-check-BXPWU0e7.json                 56.20 kB │ gzip:  13.54 kB
dist/assets/soft-check-BKhYu7J6.json                     56.36 kB │ gzip:  13.60 kB
dist/assets/task-check-tNRUF_kc.json                     56.45 kB │ gzip:  13.61 kB
dist/assets/compact-check-Cn5BK6QG.json                  56.56 kB │ gzip:  13.62 kB
dist/assets/paper-check-Cf1XD-So.json                    56.69 kB │ gzip:  13.60 kB
dist/assets/lgc-links-mist-DYV0oQVn.json                 56.82 kB │ gzip:  13.13 kB
dist/assets/outline-check-BK90gguY.json                  56.84 kB │ gzip:  13.61 kB
dist/assets/lgc-links-lens-OcfJRvua.json                 56.91 kB │ gzip:  13.29 kB
dist/assets/clasp-check-Bu6J9bdA.json                    57.32 kB │ gzip:  13.56 kB
dist/assets/orbit-check-BJPtQP0h.json                    57.40 kB │ gzip:  13.91 kB
dist/assets/ticket-check-DjBd499C.json                   57.43 kB │ gzip:  13.82 kB
dist/assets/two-line-check-DfZF6UVN.json                 57.50 kB │ gzip:  13.46 kB
dist/assets/ledger-check-m7MBeI05.json                   57.59 kB │ gzip:  13.91 kB
dist/assets/opal-check-DcpzNmKu.json                     57.64 kB │ gzip:  14.03 kB
dist/assets/oblique-check-DDZd9qa_.json                  57.68 kB │ gzip:  13.58 kB
dist/assets/cushion-check-CjVltZfh.json                  57.70 kB │ gzip:  13.60 kB
dist/assets/velvet-check-D264Iw7c.json                   57.73 kB │ gzip:  14.05 kB
dist/assets/botanical-check-CmAiy_lH.json                57.90 kB │ gzip:  13.88 kB
dist/assets/magnetic-check-Bgbkuw-Q.json                 57.93 kB │ gzip:  13.94 kB
dist/assets/blueprint-check-ie2eYRUs.json                57.97 kB │ gzip:  13.89 kB
dist/assets/essential-check-CeLO_Nnu.json                58.01 kB │ gzip:  13.66 kB
dist/assets/circuit-check-lw2iVHDa.json                  58.01 kB │ gzip:  13.99 kB
dist/assets/wax-seal-check-CwgKAlNm.json                 58.07 kB │ gzip:  14.04 kB
dist/assets/porcelain-check-DGJrRD2d.json                58.13 kB │ gzip:  13.99 kB
dist/assets/perforated-check-CRz3okQv.json               58.24 kB │ gzip:  13.60 kB
dist/assets/paperfold-check-Ce_Nvg7B.json                58.27 kB │ gzip:  14.09 kB
dist/assets/stitched-square-check-DNCpKorY.json          58.91 kB │ gzip:  13.68 kB
dist/assets/soft-accordion-B9DyeIqX.json                 59.11 kB │ gzip:  14.98 kB
dist/assets/faq-accordion-Bv0hBKSM.json                  59.40 kB │ gzip:  14.93 kB
dist/assets/outline-accordion-XGLUdiaH.json              59.92 kB │ gzip:  14.92 kB
dist/assets/minimal-accordion-CKj_3pfg.json              60.55 kB │ gzip:  15.14 kB
dist/assets/plan-accordion-DsVzZg3f.json                 60.93 kB │ gzip:  15.12 kB
dist/assets/documentation-accordion-rSCe_mWi.json        60.97 kB │ gzip:  14.94 kB
dist/assets/notched-accordion-CC2Hqwzy.json              60.98 kB │ gzip:  14.96 kB
dist/assets/suspension-accordion-Dkx3dMCz.json           61.63 kB │ gzip:  14.99 kB
dist/assets/task-accordion-BYIw1_Um.json                 61.74 kB │ gzip:  15.00 kB
dist/assets/concertina-accordion-Csw73cwc.json           61.78 kB │ gzip:  15.05 kB
dist/assets/book-spine-accordion-CIgLY-5h.json           61.87 kB │ gzip:  15.07 kB
dist/assets/settings-accordion-BomkAOfu.json             65.26 kB │ gzip:  15.42 kB
dist/assets/gyro-oYVNM3bQ.json                           69.26 kB │ gzip:  18.09 kB
dist/assets/tide-DQ4Dmxk1.json                           69.37 kB │ gzip:  18.08 kB
dist/assets/rack-CYs_cO2W.json                           69.54 kB │ gzip:  18.30 kB
dist/assets/ribbon-BX6_iMP2.json                         69.57 kB │ gzip:  18.08 kB
dist/assets/aurora-Bvbb675N.json                         69.64 kB │ gzip:  18.05 kB
dist/assets/table-skeleton-DAM7TRhU.json                 70.22 kB │ gzip:  16.50 kB
dist/assets/profile-skeleton-D1lljAG2.json               70.57 kB │ gzip:  16.47 kB
dist/assets/pulse-skeleton-BMi5p4cw.json                 70.60 kB │ gzip:  16.49 kB
dist/assets/nixie-EqdmsS_m.json                          70.69 kB │ gzip:  18.39 kB
dist/assets/shimmer-skeleton-B4Gn4oho.json               70.77 kB │ gzip:  16.47 kB
dist/assets/text-skeleton-BOQyBhJS.json                  71.06 kB │ gzip:  16.50 kB
dist/assets/glass-skeleton-S1OCFKeU.json                 71.42 kB │ gzip:  16.98 kB
dist/assets/radar-skeleton-BzM-tKJh.json                 71.56 kB │ gzip:  16.87 kB
dist/assets/ember-s-WeKcfQ.json                          71.67 kB │ gzip:  18.27 kB
dist/assets/tide-skeleton-CU1eM9fn.json                  71.69 kB │ gzip:  16.97 kB
dist/assets/mosaic-skeleton-BK2f3bi-.json                71.96 kB │ gzip:  16.86 kB
dist/assets/scanner-skeleton-DII0F3fA.json               72.04 kB │ gzip:  16.93 kB
dist/assets/wireframe-skeleton-Po4OgJy3.json             72.14 kB │ gzip:  16.79 kB
dist/assets/list-cell-skeleton-BREke62E.json             72.19 kB │ gzip:  16.59 kB
dist/assets/thread-skeleton-CTsOoTHd.json                72.20 kB │ gzip:  17.00 kB
dist/assets/folding-skeleton-D0LykBZq.json               72.21 kB │ gzip:  17.00 kB
dist/assets/isometric-skeleton-BHvcxXcT.json             72.46 kB │ gzip:  17.03 kB
dist/assets/aperture-pRBa_2zX.json                       72.63 kB │ gzip:  18.41 kB
dist/assets/column-copy-skeleton-CXZxC5Mm.json           72.73 kB │ gzip:  16.66 kB
dist/assets/file-tree-skeleton-LIDVJkiG.json             72.78 kB │ gzip:  16.67 kB
dist/assets/gallery-grid-skeleton-ZPL0zyyn.json          72.94 kB │ gzip:  16.69 kB
dist/assets/conversation-skeleton-iRoAUQ0B.json          73.18 kB │ gzip:  16.74 kB
dist/assets/blueprint-skeleton-wP_27nnP.json             73.21 kB │ gzip:  17.01 kB
dist/assets/checkout-row-skeleton-CCQM3zJU.json          73.24 kB │ gzip:  16.76 kB
dist/assets/feature-grid-skeleton-9QHyym2M.json          73.25 kB │ gzip:  16.74 kB
dist/assets/schedule-grid-skeleton-70W_oa6s.json         73.48 kB │ gzip:  16.81 kB
dist/assets/dashboard-slot-skeleton-BD0u8UA1.json        73.58 kB │ gzip:  16.82 kB
dist/assets/navigation-bar-skeleton-CNL0Hnsq.json        73.78 kB │ gzip:  16.87 kB
dist/assets/editorial-type-skeleton-KxN-X7IM.json        73.91 kB │ gzip:  16.89 kB
dist/assets/portrait-column-skeleton-DRbyrmGx.json       73.95 kB │ gzip:  16.82 kB
dist/assets/volt-DSCGs4zm.json                           73.99 kB │ gzip:  19.63 kB
dist/assets/receipt-column-skeleton-Dp1z-OZq.json        74.09 kB │ gzip:  17.04 kB
dist/assets/signal-BnnlTj_7.json                         74.61 kB │ gzip:  19.61 kB
dist/assets/chrome-CmyKCUH9.json                         74.93 kB │ gzip:  19.63 kB
dist/assets/orbit-CQjRuuny.json                          75.68 kB │ gzip:  19.84 kB
dist/assets/reel-CjlOW4NY.json                           76.19 kB │ gzip:  20.00 kB
dist/assets/lgc-checkboxes-lens-Bqdcvm0G.json            76.33 kB │ gzip:  17.42 kB
dist/assets/lgc-checkboxes-mist-BEGe95Qz.json            76.42 kB │ gzip:  17.39 kB
dist/assets/prism-unKAX5RC.json                          76.78 kB │ gzip:  20.33 kB
dist/assets/fold-RToZiJj5.json                           77.03 kB │ gzip:  20.14 kB
dist/assets/bloom-CzfEVZ1s.json                          77.94 kB │ gzip:  20.09 kB
dist/assets/liquid-BCkE76fG.json                         78.07 kB │ gzip:  20.60 kB
dist/assets/nixie-field-Cx8PuYVh.json                    78.89 kB │ gzip:  20.19 kB
dist/assets/copper-note-Dg59hwnO.json                    78.93 kB │ gzip:  20.21 kB
dist/assets/banked-field-Bk426JwJ.json                   79.13 kB │ gzip:  19.58 kB
dist/assets/eclipse-Dm3sBcmO.json                        79.33 kB │ gzip:  20.30 kB
dist/assets/aurora-field-BMOBUN4g.json                   79.34 kB │ gzip:  20.25 kB
dist/assets/lgc-accordions-mist-CHZEGZab.json            79.52 kB │ gzip:  18.98 kB
dist/assets/outline-note-GW7cmIIT.json                   79.83 kB │ gzip:  20.23 kB
dist/assets/punched-field-BISxhpxH.json                  79.94 kB │ gzip:  19.74 kB
dist/assets/quiet-note-BVwXvZWk.json                     79.94 kB │ gzip:  20.32 kB
dist/assets/lgc-accordions-lens-DX29u60N.json            80.16 kB │ gzip:  19.04 kB
dist/assets/ruled-caption-field-CjKrWuoW.json            80.35 kB │ gzip:  19.64 kB
dist/assets/essential-field-CL1rr-qh.json                80.41 kB │ gzip:  20.30 kB
dist/assets/contact-field-C8wfsI_e.json                  80.42 kB │ gzip:  20.46 kB
dist/assets/paper-field-fBOje0Ly.json                    80.46 kB │ gzip:  20.48 kB
dist/assets/underline-field-B_JVU03Y.json                80.54 kB │ gzip:  20.38 kB
dist/assets/carbon-ribbon-field-BClrYlTi.json            80.63 kB │ gzip:  19.75 kB
dist/assets/soft-search-BG7fvpPg.json                    80.74 kB │ gzip:  20.57 kB
dist/assets/underline-segments-CgJ18DaL.json             81.04 kB │ gzip:  19.34 kB
dist/assets/folio-note-DIyUwmF3.json                     81.16 kB │ gzip:  20.75 kB
dist/assets/essential-segments-CATLHw2v.json             81.24 kB │ gzip:  19.35 kB
dist/assets/weft-segments-BUxYCUq-.json                  81.28 kB │ gzip:  19.33 kB
dist/assets/password-field-TNu_uS-Y.json                 81.34 kB │ gzip:  20.48 kB
dist/assets/outline-segments-yjTiAXIV.json               81.42 kB │ gzip:  19.40 kB
dist/assets/paddle-segments-BbzGH79x.json                81.43 kB │ gzip:  19.24 kB
dist/assets/velvet-field-BtKI9_RL.json                   81.57 kB │ gzip:  20.86 kB
dist/assets/blueprint-note-CV1alw6s.json                 81.74 kB │ gzip:  20.72 kB
dist/assets/toolbar-segments-CKt1WHOd.json               81.77 kB │ gzip:  19.20 kB
dist/assets/counted-segments-DarkZKnd.json               81.81 kB │ gzip:  19.27 kB
dist/assets/float-key-segments-DKq_4W0r.json             82.00 kB │ gzip:  19.31 kB
dist/assets/slide-rule-segments-BaTtoc1v.json            82.08 kB │ gzip:  19.29 kB
dist/assets/capsule-field-iSVYfNRA.json                  82.19 kB │ gzip:  20.89 kB
dist/assets/signal-field-C4UkjJJ7.json                   82.22 kB │ gzip:  20.90 kB
dist/assets/rail-switch-segments-DrbFy6Zx.json           82.39 kB │ gzip:  19.27 kB
dist/assets/letterpress-note-CH1HcE7v.json               82.42 kB │ gzip:  20.83 kB
dist/assets/split-flap-segments-zjw-ZCVk.json            82.43 kB │ gzip:  19.35 kB
dist/assets/compact-segments-B2jGG0zs.json               82.44 kB │ gzip:  19.68 kB
dist/assets/enamel-cell-segments-BQawaq_H.json           82.63 kB │ gzip:  19.38 kB
dist/assets/terminal-field-79aHPtCg.json                 82.77 kB │ gzip:  20.90 kB
dist/assets/detent-crown-segments-BYnICp_H.json          82.98 kB │ gzip:  19.40 kB
dist/assets/basic-timeline-BgNOFrPR.json                 82.98 kB │ gzip:  18.91 kB
dist/assets/card-timeline-Ap-cSn9I.json                  83.75 kB │ gzip:  19.01 kB
dist/assets/paper-timeline-D2pwbq3I.json                 83.77 kB │ gzip:  19.07 kB
dist/assets/soft-scroll-DWtRI-yw.json                    83.79 kB │ gzip:  19.10 kB
dist/assets/compact-timeline-Cxrj4qcz.json               83.84 kB │ gzip:  18.96 kB
dist/assets/outline-scroll-BehHHYd7.json                 84.14 kB │ gzip:  19.02 kB
dist/assets/index-history-D8nw-0Ic.json                  84.28 kB │ gzip:  19.33 kB
dist/assets/strata-timeline-DIqdtZGI.json                84.38 kB │ gzip:  19.30 kB
dist/assets/ink-scroll-CZUlJ6AY.json                     84.39 kB │ gzip:  19.11 kB
dist/assets/activity-timeline-COWzNUm_.json              84.44 kB │ gzip:  19.03 kB
dist/assets/pulse-history-o3JG258o.json                  84.67 kB │ gzip:  19.34 kB
dist/assets/ledger-timeline--E-qBe20.json                84.79 kB │ gzip:  19.39 kB
dist/assets/minimal-scroll-Mh0aSUR7.json                 84.87 kB │ gzip:  19.11 kB
dist/assets/graphite-scroll-CZkXGRAE.json                84.98 kB │ gzip:  19.24 kB
dist/assets/shelved-history-CtVoO2yl.json                85.12 kB │ gzip:  19.08 kB
dist/assets/film-history-B2mRtFHH.json                   85.13 kB │ gzip:  19.47 kB
dist/assets/orbital-history-u6e6RkuT.json                85.15 kB │ gzip:  19.41 kB
dist/assets/document-timeline-9Y0tmlmW.json              85.27 kB │ gzip:  19.42 kB
dist/assets/chronicle-timeline-Bg5_gS8p.json             85.39 kB │ gzip:  19.34 kB
dist/assets/dialmark-history-BmBiAS22.json               85.44 kB │ gzip:  19.10 kB
dist/assets/blueprint-history-DcdTr_EF.json              85.48 kB │ gzip:  19.39 kB
dist/assets/promenade-history-Ct10zZ8c.json              85.53 kB │ gzip:  19.12 kB
dist/assets/shoreline-history-Djj-Mg1Z.json              85.58 kB │ gzip:  19.11 kB
dist/assets/summary-row-history-D2722kP0.json            85.81 kB │ gzip:  19.09 kB
dist/assets/folding-map-history-D7BPxckF.json            85.86 kB │ gzip:  19.15 kB
dist/assets/compact-dialog-DOjSOHi3.json                 85.88 kB │ gzip:  20.45 kB
dist/assets/margin-index-history-BgXvkhzi.json           85.92 kB │ gzip:  19.15 kB
dist/assets/gallery-route-history-h8LOj2ba.json          85.96 kB │ gzip:  19.10 kB
dist/assets/rising-date-history-CGFsMqFo.json            85.98 kB │ gzip:  19.16 kB
dist/assets/form-dialog-6ME7mBI6.json                    86.00 kB │ gzip:  20.56 kB
dist/assets/switchyard-timeline-D9SirI8g.json            86.02 kB │ gzip:  19.42 kB
dist/assets/marker-block-history-IEXslZE_.json           86.04 kB │ gzip:  19.13 kB
dist/assets/notice-dialog-DwpiK0J6.json                  86.19 kB │ gzip:  20.55 kB
dist/assets/chapter-ribbon-history-BzSiZLwe.json         86.21 kB │ gzip:  19.11 kB
dist/assets/hinged-record-history-BXq8iMZ5.json          86.22 kB │ gzip:  19.17 kB
dist/assets/etched-ledger-history-CvbXBXd8.json          86.30 kB │ gzip:  19.22 kB
dist/assets/essential-dialog-8HwGO4jK.json               86.33 kB │ gzip:  20.47 kB
dist/assets/soft-preferences-DB0s0Dko.json               86.42 kB │ gzip:  20.55 kB
dist/assets/help-dialog-CNP6gPYG.json                    87.02 kB │ gzip:  20.78 kB
dist/assets/aurora-fold-accordion-BFIHZq2V.json          87.77 kB │ gzip:  20.84 kB
dist/assets/prism-stack-accordion-CsD0CuvP.json          88.02 kB │ gzip:  20.92 kB
dist/assets/summary-confirm-dialog-BCvLDzH9.json         88.20 kB │ gzip:  20.41 kB
dist/assets/lgc-skeletons-mist-xFgcnm2h.json             88.76 kB │ gzip:  19.85 kB
dist/assets/oculus-dialog-CL-ybKIy.json                  88.90 kB │ gzip:  21.10 kB
dist/assets/bifold-dialog-65uAQW0j.json                  89.11 kB │ gzip:  21.10 kB
dist/assets/proscenium-dialog-NhJfcsl0.json              89.18 kB │ gzip:  20.88 kB
dist/assets/lgc-skeletons-lens-DDM4gCu0.json             89.22 kB │ gzip:  20.03 kB
dist/assets/tide-pages-accordion-C_KQzDZI.json           89.94 kB │ gzip:  21.43 kB
dist/assets/observatory-accordion-Dt35f0s0.json          90.12 kB │ gzip:  21.35 kB
dist/assets/tension-sheet-dialog-aU_k7eNB.json           90.27 kB │ gzip:  20.99 kB
dist/assets/ribbon-index-accordion-7jcIxsT0.json         90.30 kB │ gzip:  21.38 kB
dist/assets/gallery-frame-accordion-B8lDOAhN.json        90.38 kB │ gzip:  21.31 kB
dist/assets/glass-vault-accordion-BPMXQw7s.json          90.44 kB │ gzip:  21.51 kB
dist/assets/hinged-case-dialog-47FDD9eF.json             90.47 kB │ gzip:  21.13 kB
dist/assets/folio-accordion-DULW_DUs.json                90.50 kB │ gzip:  21.66 kB
dist/assets/carbon-case-accordion-DnSD8ZWh.json          90.57 kB │ gzip:  21.46 kB
dist/assets/garden-notes-accordion-CX4_gyB8.json         90.61 kB │ gzip:  21.47 kB
dist/assets/compact-select-C6s0ZlK5.json                 90.67 kB │ gzip:  22.00 kB
dist/assets/team-select-C8oiuEm2.json                    90.98 kB │ gzip:  22.18 kB
dist/assets/blueprint-accordion-C1nU6sjN.json            91.17 kB │ gzip:  21.59 kB
dist/assets/ember-rail-B1MxZ1Du.json                     91.19 kB │ gzip:  20.62 kB
dist/assets/slate-select-DTqGchu6.json                   91.25 kB │ gzip:  22.10 kB
dist/assets/studio-rack-accordion-DyACSkok.json          91.26 kB │ gzip:  21.68 kB
dist/assets/mono-select-BZlUcOyt.json                    91.29 kB │ gzip:  22.15 kB
dist/assets/prism-rail-H7Rr-8jB.json                     91.59 kB │ gzip:  20.79 kB
dist/assets/museum-drawer-accordion-fuIZFkV-.json        91.66 kB │ gzip:  21.63 kB
dist/assets/aurora-thread-aAJEfv8x.json                  91.83 kB │ gzip:  20.65 kB
dist/assets/essential-select-BmUwj1jZ.json               91.94 kB │ gzip:  22.14 kB
dist/assets/copper-ledger-accordion-By6y-6j2.json        92.36 kB │ gzip:  22.00 kB
dist/assets/circle-profile-BZ5ZcORq.json                 93.28 kB │ gzip:  19.81 kB
dist/assets/presence-profile-CYAAEUsV.json               93.30 kB │ gzip:  19.80 kB
dist/assets/stacked-profiles-CAKOYckH.json               93.49 kB │ gzip:  19.86 kB
dist/assets/square-profile-BWCNpMkM.json                 93.52 kB │ gzip:  19.81 kB
dist/assets/outline-user-chip-DwYtXQV0.json              93.62 kB │ gzip:  19.87 kB
dist/assets/initials-profile-WgQjKsXx.json               93.94 kB │ gzip:  19.93 kB
dist/assets/prism-field-D6dDcQYh.json                    94.09 kB │ gzip:  23.48 kB
dist/assets/cable-DpFK04E0.json                          94.51 kB │ gzip:  21.36 kB
dist/assets/phosphor-CtcATrDC.json                       94.70 kB │ gzip:  21.36 kB
dist/assets/echo-identity-oFii0Z0M.json                  94.70 kB │ gzip:  20.22 kB
dist/assets/perforation-DBUUrtNk.json                    94.73 kB │ gzip:  21.21 kB
dist/assets/moire-rail-DXiBjcX0.json                     94.77 kB │ gzip:  21.32 kB
dist/assets/led-rail-6jnHH-Bs.json                       94.79 kB │ gzip:  21.29 kB
dist/assets/ribbon-pass-DBnc7R5i.json                    94.80 kB │ gzip:  20.28 kB
dist/assets/light-leak-D9jZmGO0.json                     94.88 kB │ gzip:  21.29 kB
dist/assets/orbital-portrait-DQKEwBmr.json               94.90 kB │ gzip:  20.17 kB
dist/assets/tideglass-DNUbunWH.json                      94.93 kB │ gzip:  21.42 kB
dist/assets/passport-chip-BWiUsIpe.json                  95.03 kB │ gzip:  20.28 kB
dist/assets/orbital-track-D8tJ9fEV.json                  95.08 kB │ gzip:  21.27 kB
dist/assets/cutout-portrait-B3RYRmXf.json                95.08 kB │ gzip:  19.98 kB
dist/assets/keyhole-portrait-9uBmhngF.json               95.16 kB │ gzip:  19.95 kB
dist/assets/iris-portrait-CzuB8YRi.json                  95.19 kB │ gzip:  20.43 kB
dist/assets/pearl-medallion-HmGUnRyf.json                95.21 kB │ gzip:  20.32 kB
dist/assets/bookend-portrait-DnF0KroD.json               95.37 kB │ gzip:  19.97 kB
dist/assets/lattice-portrait-Cj4aKs8J.json               95.38 kB │ gzip:  19.96 kB
dist/assets/dossier-identity-D3Kzyfjb.json               95.41 kB │ gzip:  19.98 kB
dist/assets/postmark-portrait-Bkzqyzl_.json              95.46 kB │ gzip:  19.99 kB
dist/assets/crossmount-profile-CtukS84-.json             95.47 kB │ gzip:  19.97 kB
dist/assets/paper-ribbon-DysI_szO.json                   95.59 kB │ gzip:  21.37 kB
dist/assets/lacquer-scroll-CpVzhQDV.json                 95.63 kB │ gzip:  21.37 kB
dist/assets/tessellated-portrait-DkWt1G5z.json           95.67 kB │ gzip:  20.26 kB
dist/assets/deskplate-identity-DTguRPzF.json             95.73 kB │ gzip:  20.35 kB
dist/assets/staggered-portrait-C_z9Ra4b.json             95.73 kB │ gzip:  19.96 kB
dist/assets/vernier-CLkPepKQ.json                        95.80 kB │ gzip:  21.52 kB
dist/assets/edge-light-portrait-CsBwwQ1T.json            95.83 kB │ gzip:  20.02 kB
dist/assets/capillary-Drn4Lqdl.json                      95.85 kB │ gzip:  21.53 kB
dist/assets/liquid-orbit-profile-CWN5L4m_.json           95.90 kB │ gzip:  20.42 kB
dist/assets/contact-sheet-portrait-CpJZ200A.json         96.22 kB │ gzip:  20.32 kB
dist/assets/frontispiece-profile-DuItqZ4o.json           96.24 kB │ gzip:  20.04 kB
dist/assets/contour-note-KFYdkE9D.json                   96.27 kB │ gzip:  23.89 kB
dist/assets/medallion-sash-profile-B53W8q1K.json         96.39 kB │ gzip:  20.02 kB
dist/assets/silk-chapter-accordion-Pvva9z1y.json         96.41 kB │ gzip:  22.81 kB
dist/assets/aperture-ticket-profile-DaDK9Aes.json        96.58 kB │ gzip:  20.04 kB
dist/assets/lgc-textboxes-mist-DulRs_hj.json             96.66 kB │ gzip:  23.21 kB
dist/assets/paper-tabs-FZSn49Dk.json                     96.76 kB │ gzip:  21.76 kB
dist/assets/underline-tabs-B-gb8mXM.json                 96.85 kB │ gzip:  21.68 kB
dist/assets/outline-tabs-DfW5Zb-8.json                   96.95 kB │ gzip:  21.73 kB
dist/assets/magnetic-scroll-CtJzPhA6.json                96.95 kB │ gzip:  21.49 kB
dist/assets/essential-tabs-DRP29pmO.json                 97.03 kB │ gzip:  21.70 kB
dist/assets/lgc-textboxes-lens-Yt40bkQX.json             97.05 kB │ gzip:  23.35 kB
dist/assets/wingtip-tabs-wvITLryu.json                   97.29 kB │ gzip:  21.50 kB
dist/assets/fanlight-tabs-B8Tx_o7A.json                  97.80 kB │ gzip:  21.66 kB
dist/assets/obsidian-field-BrWyuCsY.json                 97.86 kB │ gzip:  24.17 kB
dist/assets/orbit-search-BSNmmrpM.json                   97.93 kB │ gzip:  24.06 kB
dist/assets/ribbon-field-D7bHE-FJ.json                   98.03 kB │ gzip:  24.16 kB
dist/assets/folded-index-tabs-D9BOi-Nj.json              98.25 kB │ gzip:  21.60 kB
dist/assets/split-ledge-tabs-D81NxLlj.json               98.30 kB │ gzip:  21.59 kB
dist/assets/capillary-field-DLmFydAx.json                98.85 kB │ gzip:  24.44 kB
dist/assets/transit-board-accordion-hwubmXlM.json        98.90 kB │ gzip:  23.06 kB
dist/assets/bar-rating-DI_uFGk_.json                     99.07 kB │ gzip:  19.89 kB
dist/assets/compact-tabs-HWV_bdor.json                   99.08 kB │ gzip:  22.05 kB
dist/assets/notebook-register-tabs-DpzlAN7V.json         99.25 kB │ gzip:  21.60 kB
dist/assets/sidebar-tabs-C80bPQwd.json                   99.29 kB │ gzip:  22.04 kB
dist/assets/ember-vote-C10ILQhF.json                     99.50 kB │ gzip:  20.01 kB
dist/assets/workspace-tabs-B1MZeofN.json                 99.73 kB │ gzip:  22.09 kB
dist/assets/numeric-rating-Dv3yPVDG.json                 99.81 kB │ gzip:  19.92 kB
dist/assets/lgc-segments-mist-dyujdFbF.json              99.90 kB │ gzip:  22.96 kB
dist/assets/threaded-tabs-BLoeh2Tu.json                  99.91 kB │ gzip:  22.04 kB
dist/assets/dot-rating-C7390tpQ.json                    100.13 kB │ gzip:  19.99 kB
dist/assets/lgc-segments-lens-B2-pHCM0.json             100.22 kB │ gzip:  23.06 kB
dist/assets/gem-vote-Bz6CZoEv.json                      100.33 kB │ gzip:  20.40 kB
dist/assets/heart-rating-CyHHN0xT.json                  100.58 kB │ gzip:  20.16 kB
dist/assets/nova-rating-0CnPKkwc.json                   100.70 kB │ gzip:  20.37 kB
dist/assets/simple-star-rating-CnYXQO9u.json            100.91 kB │ gzip:  20.02 kB
dist/assets/outline-star-rating-DfHpqs1A.json           101.13 kB │ gzip:  20.09 kB
dist/assets/blossom-rating-BeaE9kay.json                101.43 kB │ gzip:  20.44 kB
dist/assets/orbital-rating-D6E5ye5v.json                101.50 kB │ gzip:  20.38 kB
dist/assets/paper-fan-rating-CcWiUUQ_.json              101.55 kB │ gzip:  20.35 kB
dist/assets/chime-rating-Bl19AB0_.json                  101.68 kB │ gzip:  20.19 kB
dist/assets/seedpod-rating-B0gMWBUW.json                101.72 kB │ gzip:  20.12 kB
dist/assets/keycap-rating--x8v5rWp.json                 101.82 kB │ gzip:  20.11 kB
dist/assets/leaflet-rating-B4OVfiKM.json                101.86 kB │ gzip:  20.14 kB
dist/assets/lgc-timelines-lens-CVPSfVvq.json            101.90 kB │ gzip:  22.65 kB
dist/assets/domino-rating-BcHRNyJZ.json                 101.92 kB │ gzip:  20.13 kB
dist/assets/resonant-rating-CNCEz0yr.json               101.96 kB │ gzip:  20.49 kB
dist/assets/lgc-timelines-mist-D4O6byQC.json            101.97 kB │ gzip:  22.55 kB
dist/assets/filament-rating-J0FeKGFB.json               102.23 kB │ gzip:  20.46 kB
dist/assets/porcelain-rating-ZLRNNsKA.json              102.26 kB │ gzip:  20.45 kB
dist/assets/wedge-scale-rating-CNjNwaYh.json            102.35 kB │ gzip:  20.08 kB
dist/assets/lgc-scrollbars-mist-DDVzZO1h.json           102.65 kB │ gzip:  22.52 kB
dist/assets/plume-score-rating-40oEaeH8.json            102.74 kB │ gzip:  20.11 kB
dist/assets/lgc-scrollbars-lens-BtIDLfgV.json           102.75 kB │ gzip:  22.60 kB
dist/assets/lg-frost-button-CLcOk3Io.json               102.81 kB │ gzip:  25.47 kB
dist/assets/crescent-score-rating-CzO0V8yq.json         102.83 kB │ gzip:  20.13 kB
dist/assets/pinned-award-rating-yY4QwnIV.json           102.88 kB │ gzip:  20.17 kB
dist/assets/crossbar-score-rating-CqJHuu6c.json         103.16 kB │ gzip:  20.14 kB
dist/assets/constellation-rating-BDhIYMfT.json          103.27 kB │ gzip:  20.48 kB
dist/assets/lg-pressure-button-BXuwulDA.json            103.63 kB │ gzip:  25.58 kB
dist/assets/perforated-score-rating-BorZLiO7.json       104.26 kB │ gzip:  20.27 kB
dist/assets/segmented-seal-rating-Dsy6Z2HM.json         105.56 kB │ gzip:  20.49 kB
dist/assets/ember-select-31rpoaC3.json                  106.20 kB │ gzip:  28.35 kB
dist/assets/prism-select-CE7j_uJA.json                  106.54 kB │ gzip:  28.47 kB
dist/assets/rgb-color-DgkwSUxN.json                     107.10 kB │ gzip:  24.22 kB
dist/assets/classic-color-SuoVeBHS.json                 107.40 kB │ gzip:  24.12 kB
dist/assets/spectrum-fan-LU2QdpHf.json                  107.82 kB │ gzip:  24.36 kB
dist/assets/inline-color-B42pS95O.json                  107.87 kB │ gzip:  24.22 kB
dist/assets/lgc-popups-lens-Becj65u1.json               107.92 kB │ gzip:  25.97 kB
dist/assets/swatch-desk-SvXNpljk.json                   107.93 kB │ gzip:  24.37 kB
dist/assets/palette-color-DpFG7D_k.json                 107.97 kB │ gzip:  24.18 kB
dist/assets/spectral-wave-DONgXmH8.json                 108.01 kB │ gzip:  24.33 kB
dist/assets/darkroom-color-CP8Pyr1m.json                108.05 kB │ gzip:  24.28 kB
dist/assets/inkwell-mixer-CjXhori4.json                 108.06 kB │ gzip:  24.01 kB
dist/assets/folded-swatch-ZDbwv3pi.json                 108.10 kB │ gzip:  24.35 kB
dist/assets/pigment-pipes-Cz9VlQjo.json                 108.16 kB │ gzip:  24.04 kB
dist/assets/chromatic-orbit-Cu0_Thuf.json               108.16 kB │ gzip:  24.23 kB
dist/assets/orbital-pigment-B3myNPZo.json               108.28 kB │ gzip:  24.33 kB
dist/assets/prism-laboratory-CbkGqdpK.json              108.37 kB │ gzip:  24.35 kB
dist/assets/saturation-slit-DaN7EzzZ.json               108.40 kB │ gzip:  24.04 kB
dist/assets/relic-select-B6ZmESzy.json                  108.54 kB │ gzip:  28.93 kB
dist/assets/pigment-reservoir-BDuz7M0f.json             108.62 kB │ gzip:  24.38 kB
dist/assets/aurora-select-BJ-u4DcS.json                 108.65 kB │ gzip:  28.72 kB
dist/assets/rgb-pipe-studio-DRh6p5rn.json               108.65 kB │ gzip:  24.17 kB
dist/assets/fjord-select-BwDIjkIC.json                  108.67 kB │ gzip:  28.88 kB
dist/assets/lgc-popups-mist-Dx_aD6k7.json               108.69 kB │ gzip:  25.88 kB
dist/assets/chroma-scaffold-CL3EkNax.json               108.71 kB │ gzip:  24.11 kB
dist/assets/glass-rgb-mixer-Dp795qRN.json               108.77 kB │ gzip:  24.46 kB
dist/assets/transit-select-vmab3gtl.json                108.89 kB │ gzip:  28.86 kB
dist/assets/native-color-field-D0Ish71J.json            108.89 kB │ gzip:  24.21 kB
dist/assets/rgb-control-board-BoLv-7Y-.json             109.00 kB │ gzip:  24.11 kB
dist/assets/gradient-desk-frasO7kK.json                 109.00 kB │ gzip:  24.21 kB
dist/assets/ceramic-select-B2FXc2Rx.json                109.09 kB │ gzip:  28.96 kB
dist/assets/orbit-select-DI2TEN5n.json                  109.20 kB │ gzip:  29.00 kB
dist/assets/optic-select-DxpsblKC.json                  109.22 kB │ gzip:  29.00 kB
dist/assets/color-swatch-binder-DRxGMSeg.json           109.25 kB │ gzip:  24.09 kB
dist/assets/tint-contact-sheet-v5QbY5XF.json            109.25 kB │ gzip:  24.15 kB
dist/assets/silk-select-CVW_Rn3N.json                   109.40 kB │ gzip:  29.15 kB
dist/assets/archive-select-Cm9GCqqJ.json                109.41 kB │ gzip:  29.03 kB
dist/assets/atelier-select-BmeNTrSM.json                109.41 kB │ gzip:  29.10 kB
dist/assets/compact-split-color-Dd17_8_6.json           109.60 kB │ gzip:  24.13 kB
dist/assets/spectral-register-CqJu3YO6.json             109.73 kB │ gzip:  24.22 kB
dist/assets/glasshouse-select-mhXAeJDo.json             109.73 kB │ gzip:  29.00 kB
dist/assets/resonance-select-ChfU45Iq.json              109.76 kB │ gzip:  29.06 kB
dist/assets/color-plate-trio-63jQGgim.json              109.76 kB │ gzip:  24.28 kB
dist/assets/spectrum-select-BPrVtGqo.json               110.05 kB │ gzip:  29.12 kB
dist/assets/lg-mist-toggle-FrabSEqD.json                110.24 kB │ gzip:  28.50 kB
dist/assets/chromatic-windowpane-DLe4d1Vg.json          110.32 kB │ gzip:  24.26 kB
dist/assets/nocturne-select-Wia8BLJy.json               110.51 kB │ gzip:  29.21 kB
dist/assets/lg-lens-toggle-DCL8ZCt3.json                110.52 kB │ gzip:  28.60 kB
dist/assets/soft-choice-D_k4H_Wt.json                   115.45 kB │ gzip:  29.47 kB
dist/assets/inset-choice-B0RQUydn.json                  115.56 kB │ gzip:  29.43 kB
dist/assets/caption-choice-Dr6iX3kc.json                115.60 kB │ gzip:  29.41 kB
dist/assets/pebble-choice-CiiajHDV.json                 115.68 kB │ gzip:  29.47 kB
dist/assets/saddle-choice-BYcl0U2q.json                 115.74 kB │ gzip:  29.48 kB
dist/assets/outline-choice-Cte7WsTy.json                115.82 kB │ gzip:  29.40 kB
dist/assets/essential-choice-DTKXTuYP.json              115.89 kB │ gzip:  29.39 kB
dist/assets/compact-choice-B4dECMcN.json                115.91 kB │ gzip:  29.44 kB
dist/assets/tabbed-choice-NRYHyjLV.json                 115.92 kB │ gzip:  29.51 kB
dist/assets/prism-journey-B3DHTuLy.json                 116.24 kB │ gzip:  23.68 kB
dist/assets/vertical-wizard-VQ7FHn6m.json               116.30 kB │ gzip:  23.61 kB
dist/assets/windowed-choice-BQsXnXsX.json               116.31 kB │ gzip:  29.48 kB
dist/assets/suspended-choice-BOaxHGjN.json              116.31 kB │ gzip:  29.48 kB
dist/assets/progress-wizard-DTrnxDe8.json               116.39 kB │ gzip:  23.61 kB
dist/assets/pill-wizard-BiFbL7SL.json                   116.66 kB │ gzip:  23.77 kB
dist/assets/comparison-choice-kgg-7SfI.json             116.72 kB │ gzip:  29.54 kB
dist/assets/essential-wizard-RLm07Uyx.json              116.95 kB │ gzip:  23.65 kB
dist/assets/paper-wizard-tO47fPAG.json                  117.12 kB │ gzip:  23.83 kB
dist/assets/compact-wizard-CWfyiz4D.json                117.33 kB │ gzip:  23.80 kB
dist/assets/prism-window-fiMx0FI7.json                  117.68 kB │ gzip:  28.85 kB
dist/assets/aurora-window-CUgVw5bK.json                 117.73 kB │ gzip:  28.85 kB
dist/assets/titanium-dialog-MWuiP-HK.json               117.84 kB │ gzip:  28.81 kB
dist/assets/nixie-console-ZkVkz0si.json                 117.86 kB │ gzip:  28.86 kB
dist/assets/copper-receipt-CWmYQumx.json                118.32 kB │ gzip:  28.89 kB
dist/assets/sill-workflow-0s2lcIsk.json                 118.36 kB │ gzip:  23.78 kB
dist/assets/expedition-wizard-Dy6dw2rP.json             118.48 kB │ gzip:  24.00 kB
dist/assets/ticket-workflow-Dp3M2hjU.json               118.65 kB │ gzip:  24.09 kB
dist/assets/folio-wizard-6h9JBiL9.json                  118.68 kB │ gzip:  24.27 kB
dist/assets/stage-workflow-BXIy-ux_.json                118.74 kB │ gzip:  24.31 kB
dist/assets/ribbon-workflow-DVH6SnEg.json               118.97 kB │ gzip:  24.15 kB
dist/assets/lgc-colors-lens-vQqZ7KyN.json               118.98 kB │ gzip:  26.77 kB
dist/assets/shutter-wizard-B1dtNAeM.json                118.99 kB │ gzip:  24.24 kB
dist/assets/assembly-wizard-oN-y_djb.json               119.06 kB │ gzip:  24.26 kB
dist/assets/editorial-chapters-cWVdTEAn.json            119.39 kB │ gzip:  24.14 kB
dist/assets/blueprint-workflow-vdUMzIYd.json            119.56 kB │ gzip:  24.21 kB
dist/assets/path-column-workflow-Dj6V5gh3.json          119.84 kB │ gzip:  23.87 kB
dist/assets/railhead-workflow-BwrbI_6q.json             120.47 kB │ gzip:  24.19 kB
dist/assets/mercury-rail-DGBC2M2d.json                  120.54 kB │ gzip:  30.67 kB
dist/assets/sail-range-DMin-4Hp.json                    120.98 kB │ gzip:  30.17 kB
dist/assets/outline-room-workflow-C8nx1Jd8.json         120.99 kB │ gzip:  24.15 kB
dist/assets/soft-range-BIz4uwiP.json                    121.20 kB │ gzip:  30.25 kB
dist/assets/aurora-field-menu-1BnDG-j0.json             121.20 kB │ gzip:  32.38 kB
dist/assets/hinge-rail-workflow-CyjfSbTq.json           121.27 kB │ gzip:  24.35 kB
dist/assets/caption-stage-workflow-DpkQqDrv.json        121.43 kB │ gzip:  24.21 kB
dist/assets/swing-board-workflow-pVbO26ch.json          121.51 kB │ gzip:  24.27 kB
dist/assets/fabrication-workflow-C4lEsAr5.json          121.56 kB │ gzip:  24.34 kB
dist/assets/swept-chapter-workflow-DGzUje2j.json        121.61 kB │ gzip:  24.27 kB
dist/assets/lgc-colors-mist-CjJy6q-G.json               121.65 kB │ gzip:  27.09 kB
dist/assets/essential-range-B0Hdpb8i.json               121.68 kB │ gzip:  30.15 kB
dist/assets/corner-anchor-workflow-C5UJm6WF.json        121.69 kB │ gzip:  24.27 kB
dist/assets/compact-range-D9sjpblt.json                 121.69 kB │ gzip:  30.20 kB
dist/assets/notched-module-workflow-C9QjKhhK.json       121.70 kB │ gzip:  24.31 kB
dist/assets/outline-range-DSpbxdrK.json                 121.83 kB │ gzip:  30.22 kB
dist/assets/lgc-avatars-mist-DBGHE-r0.json              122.07 kB │ gzip:  24.61 kB
dist/assets/annotation-range-BcPo1nzG.json              122.24 kB │ gzip:  30.24 kB
dist/assets/suspension-range-0L2Zb6vl.json              122.41 kB │ gzip:  30.30 kB
dist/assets/paper-tear-Jx5Ueozy.json                    122.54 kB │ gzip:  31.26 kB
dist/assets/burn-trail-Dv0SLPzt.json                    122.57 kB │ gzip:  31.30 kB
dist/assets/split-rail-BQGbxbl7.json                    122.59 kB │ gzip:  31.22 kB
dist/assets/wedged-stepper-CxExd_TK.json                122.59 kB │ gzip:  30.54 kB
dist/assets/labeled-track-range-22XA5TM2.json           122.60 kB │ gzip:  30.25 kB
dist/assets/living-rail-Bnd2k9VB.json                   122.63 kB │ gzip:  31.21 kB
dist/assets/fader-strip-range-uGyCQetM.json             122.67 kB │ gzip:  30.33 kB
dist/assets/fiber-optic-D6lhFbad.json                   122.70 kB │ gzip:  31.24 kB
dist/assets/spectral-wake-DG_1RkXo.json                 122.70 kB │ gzip:  31.24 kB
dist/assets/slate-stepper-DsddtKBc.json                 122.74 kB │ gzip:  30.58 kB
dist/assets/tally-stepper-Bix_dcXS.json                 122.76 kB │ gzip:  30.58 kB
dist/assets/column-stepper-DsHtF5DS.json                122.80 kB │ gzip:  30.57 kB
dist/assets/gutter-light-range-Di_V8NXK.json            122.84 kB │ gzip:  30.38 kB
dist/assets/depth-tunnel-BjziO-LF.json                  122.85 kB │ gzip:  31.20 kB
dist/assets/pressed-number-B9N-pAHO.json                122.89 kB │ gzip:  30.62 kB
dist/assets/tape-measure-range-CDf4YK9k.json            122.94 kB │ gzip:  30.35 kB
dist/assets/balance-stepper-CJhWNEkG.json               122.98 kB │ gzip:  30.59 kB
dist/assets/labeled-quantity-wdjInkHq.json              122.99 kB │ gzip:  30.53 kB
dist/assets/soft-stepper-bC3FkyqG.json                  123.01 kB │ gzip:  30.69 kB
dist/assets/inline-quantity-CrrUtBZc.json               123.04 kB │ gzip:  30.58 kB
dist/assets/paper-console-workflow-Dn6zPEhF.json        123.04 kB │ gzip:  24.57 kB
dist/assets/iris-menu-BrsFQtXs.json                     123.19 kB │ gzip:  33.02 kB
dist/assets/elastic-menu-DMCj1tBn.json                  123.20 kB │ gzip:  32.77 kB
dist/assets/curtain-menu-CZuiA1RM.json                  123.24 kB │ gzip:  32.93 kB
dist/assets/knurled-stepper-0GOgi3Y_.json               123.26 kB │ gzip:  30.63 kB
dist/assets/porcelain-channel-range-C59cVPtV.json       123.30 kB │ gzip:  30.34 kB
dist/assets/roller-counter-Bc3DJe_g.json                123.34 kB │ gzip:  30.71 kB
dist/assets/liquid-channel-BnMRyR0h.json                123.36 kB │ gzip:  31.35 kB
dist/assets/wave-rail-DAd-DNVy.json                     123.37 kB │ gzip:  31.33 kB
dist/assets/portal-menu-CCUsHkqh.json                   123.39 kB │ gzip:  33.03 kB
dist/assets/outline-stepper-CEJGDoUv.json               123.40 kB │ gzip:  30.60 kB
dist/assets/essential-stepper-CZggmOAq.json             123.48 kB │ gzip:  30.59 kB
dist/assets/magnetic-menu-k7veGvzf.json                 123.59 kB │ gzip:  32.90 kB
dist/assets/magnetic-field-rail-UedG-HMw.json           123.63 kB │ gzip:  31.22 kB
dist/assets/meter-box-stepper-DwPWM7gp.json             123.66 kB │ gzip:  30.66 kB
dist/assets/depth-stack-menu-ejmeJgSc.json              123.74 kB │ gzip:  32.92 kB
dist/assets/split-digit-stepper-ueF5-8mM.json           123.85 kB │ gzip:  30.67 kB
dist/assets/mechanical-shutter-CaTuUQAt.json            123.88 kB │ gzip:  31.28 kB
dist/assets/lgc-avatars-lens-DM00cvzY.json              123.89 kB │ gzip:  25.03 kB
dist/assets/layered-glass-menu-DvFoIsSV.json            124.09 kB │ gzip:  32.94 kB
dist/assets/foldout-menu-B-wCM_R2.json                  124.20 kB │ gzip:  33.14 kB
dist/assets/typographic-menu-CYY0nQZB.json              124.31 kB │ gzip:  33.07 kB
dist/assets/liquid-lens-menu-DiyzZsfT.json              124.47 kB │ gzip:  33.17 kB
dist/assets/spotlight-menu-C-zvqQb6.json                124.70 kB │ gzip:  33.31 kB
dist/assets/soft-dropzone-CpTwNCb1.json                 126.42 kB │ gzip:  31.62 kB
dist/assets/outline-dropzone-DPi0U6Od.json              126.82 kB │ gzip:  31.54 kB
dist/assets/essential-dropzone-D6z--TN9.json            126.89 kB │ gzip:  31.53 kB
dist/assets/apron-dropzone-XbRcZqui.json                127.50 kB │ gzip:  32.04 kB
dist/assets/mail-slot-dropzone-CuD_Q_8-.json            127.62 kB │ gzip:  31.96 kB
dist/assets/specimen-dropzone-7wFxTe2q.json             127.93 kB │ gzip:  32.04 kB
dist/assets/archive-bin-dropzone-BYBlwa6U.json          127.99 kB │ gzip:  31.93 kB
dist/assets/landing-mat-dropzone-BSEqDinK.json          128.06 kB │ gzip:  32.02 kB
dist/assets/lgc-ratings-mist-DVlmCTOx.json              128.14 kB │ gzip:  24.58 kB
dist/assets/file-list-dropzone-Pkh7cRcP.json            128.26 kB │ gzip:  31.96 kB
dist/assets/horizontal-file-dropzone-CUaROhqP.json      128.30 kB │ gzip:  31.87 kB
dist/assets/clip-frame-dropzone-DPWc0nnx.json           128.46 kB │ gzip:  32.06 kB
dist/assets/file-berth-dropzone-B31zhhVd.json           128.53 kB │ gzip:  32.14 kB
dist/assets/bordered-receive-dropzone-CBEl8DS0.json     128.70 kB │ gzip:  31.90 kB
dist/assets/seam-pocket-dropzone-4hwteFmx.json          128.71 kB │ gzip:  32.16 kB
dist/assets/offset-crate-dropzone-CodOWX6Q.json         128.71 kB │ gzip:  32.12 kB
dist/assets/opal-window-VcCZvYAs.json                   130.40 kB │ gzip:  31.04 kB
dist/assets/gallery-window-CeTeaA-K.json                130.58 kB │ gzip:  31.03 kB
dist/assets/botanical-note-B6nBjpUy.json                130.59 kB │ gzip:  30.96 kB
dist/assets/velvet-invitation-BOW4kV80.json             130.79 kB │ gzip:  30.99 kB
dist/assets/observatory-window-DS1q2OmC.json            130.88 kB │ gzip:  30.93 kB
dist/assets/transit-pass-DEuFj24t.json                  131.14 kB │ gzip:  31.02 kB
dist/assets/blueprint-sheet-DEdAkK1n.json               131.56 kB │ gzip:  31.02 kB
dist/assets/dock-sheet-D4MXoYpO.json                    131.57 kB │ gzip:  31.24 kB
dist/assets/soft-pages-kC32MheQ.json                    131.58 kB │ gzip:  33.69 kB
dist/assets/lgc-ratings-lens-Bqqwhige.json              131.80 kB │ gzip:  24.98 kB
dist/assets/bracket-pages-CkFqIzKQ.json                 131.86 kB │ gzip:  33.66 kB
dist/assets/outline-pages-CzkRhf0m.json                 131.97 kB │ gzip:  33.60 kB
dist/assets/folio-window-Bw-QZ4Gf.json                  132.02 kB │ gzip:  31.19 kB
dist/assets/essential-pages-D0IwkElL.json               132.06 kB │ gzip:  33.61 kB
dist/assets/divider-pages-B93-fWGe.json                 132.08 kB │ gzip:  33.69 kB
dist/assets/pinwheel-pages-Cj81cS3s.json                132.14 kB │ gzip:  33.72 kB
dist/assets/channel-pages-IjJJmkxK.json                 132.15 kB │ gzip:  33.76 kB
dist/assets/archive-drawer-BVH674Wc.json                132.27 kB │ gzip:  31.14 kB
dist/assets/wide-touch-pages-DvodVnPV.json              132.48 kB │ gzip:  33.74 kB
dist/assets/soft-tags-DAXW66ud.json                     132.49 kB │ gzip:  33.93 kB
dist/assets/condensed-pages-DrJFEccP.json               132.50 kB │ gzip:  33.70 kB
dist/assets/spaced-serif-pages-DekfyojJ.json            132.50 kB │ gzip:  33.69 kB
dist/assets/bead-track-pages-BTvXT9G2.json              132.61 kB │ gzip:  33.78 kB
dist/assets/paper-tags-DpN5h9V_.json                    132.72 kB │ gzip:  34.06 kB
dist/assets/suspended-pages-c0c-_1jS.json               132.76 kB │ gzip:  33.78 kB
dist/assets/ticket-roll-pages-DB9ZoOoW.json             132.77 kB │ gzip:  33.78 kB
dist/assets/binding-tag-ETYPh6lD.json                   132.87 kB │ gzip:  34.06 kB
dist/assets/folio-spread-pages-IOOUCNd5.json            132.87 kB │ gzip:  33.78 kB
dist/assets/outline-tags-Zpv6bQDo.json                  132.89 kB │ gzip:  33.96 kB
dist/assets/soft-trail-BYq65C5Q.json                    132.91 kB │ gzip:  33.97 kB
dist/assets/imprint-pages-32ByQY9u.json                 132.95 kB │ gzip:  33.95 kB
dist/assets/slope-trail-BXcU8uqM.json                   132.97 kB │ gzip:  33.95 kB
dist/assets/essential-tags-C6rGPhJ4.json                132.97 kB │ gzip:  33.98 kB
dist/assets/riveted-tag-6OrFIp0y.json                   132.97 kB │ gzip:  34.10 kB
dist/assets/compact-tags-DQCY9E4T.json                  132.98 kB │ gzip:  34.02 kB
dist/assets/tunnel-trail-DojnAMf_.json                  133.17 kB │ gzip:  34.02 kB
dist/assets/count-chip-tag-DrM4zofJ.json                133.19 kB │ gzip:  34.05 kB
dist/assets/bypass-trail-Cj1zk42L.json                  133.20 kB │ gzip:  33.97 kB
dist/assets/dropcap-trail-DlifMSWs.json                 133.21 kB │ gzip:  33.95 kB
dist/assets/branch-trail-DlGAMlN_.json                  133.27 kB │ gzip:  33.97 kB
dist/assets/gutter-trail-46EQ4W7P.json                  133.34 kB │ gzip:  34.05 kB
dist/assets/essential-trail-D4tSLpYn.json               133.35 kB │ gzip:  33.90 kB
dist/assets/split-level-pages-DbD8AA9W.json             133.60 kB │ gzip:  33.88 kB
dist/assets/upper-deck-pages-CLnvRzVh.json              133.64 kB │ gzip:  33.93 kB
dist/assets/range-mark-trail-InX9l1nb.json              133.72 kB │ gzip:  34.05 kB
dist/assets/fold-line-tag-Ct8OZaWU.json                 133.75 kB │ gzip:  34.22 kB
dist/assets/chamfered-tag-CsBeROdS.json                 133.75 kB │ gzip:  34.18 kB
dist/assets/rail-stop-trail-Dd8bKhG8.json               133.80 kB │ gzip:  34.06 kB
dist/assets/label-stack-trail-Dgewi5R-.json             133.89 kB │ gzip:  34.06 kB
dist/assets/disc-tab-tag-Bk5Od0yb.json                  133.93 kB │ gzip:  34.21 kB
dist/assets/corner-ribbon-trail-D-qn5iul.json           134.05 kB │ gzip:  34.07 kB
dist/assets/compact-home-trail-Tfl8dAWJ.json            134.10 kB │ gzip:  34.08 kB
dist/assets/caption-band-tag-D3pyktyt.json              134.18 kB │ gzip:  34.24 kB
dist/assets/etched-level-trail-Dfydd9gz.json            134.18 kB │ gzip:  34.11 kB
dist/assets/cog-register-pages-DKTOGMAD.json            134.20 kB │ gzip:  34.04 kB
dist/assets/border-route-trail-DvlbSrg7.json            134.37 kB │ gzip:  34.14 kB
dist/assets/current-location-trail-DIhXwQNr.json        134.57 kB │ gzip:  34.06 kB
dist/assets/vertical-location-trail-Dz9gYg33.json       134.76 kB │ gzip:  34.04 kB
dist/assets/atelier-palette-_S_trtFH.json               134.81 kB │ gzip:  31.36 kB
dist/assets/separator-location-trail-CQGqKKfL.json      134.93 kB │ gzip:  34.08 kB
dist/assets/nixie-loader-BeYfvOIe.json                  135.47 kB │ gzip:  34.28 kB
dist/assets/lgc-radios-lens-C4shILCT.json               135.76 kB │ gzip:  33.26 kB
dist/assets/lgc-radios-mist-DWc8UsJE.json               135.82 kB │ gzip:  33.23 kB
dist/assets/orbit-dot-loader-Cp4fYZIy.json              139.21 kB │ gzip:  34.16 kB
dist/assets/soft-pulse-loader-B7DDxOFG.json             139.43 kB │ gzip:  34.16 kB
dist/assets/line-sweep-loader-DHxg3tET.json             139.45 kB │ gzip:  34.17 kB
dist/assets/aurora-loader-BXCcBPNw.json                 139.57 kB │ gzip:  34.87 kB
dist/assets/terraced-notice-CojmUH5j.json               139.57 kB │ gzip:  35.08 kB
dist/assets/bookmark-notice-BGcdG2wY.json               139.57 kB │ gzip:  35.11 kB
dist/assets/outline-notice-CUbEprai.json                139.60 kB │ gzip:  35.07 kB
dist/assets/teletype-notice-SwbwFFcb.json               139.68 kB │ gzip:  35.11 kB
dist/assets/essential-notice-DMxeeypd.json              139.69 kB │ gzip:  35.06 kB
dist/assets/copper-loader-VElnEXH0.json                 139.71 kB │ gzip:  34.87 kB
dist/assets/soft-notice-C7Fj0-uT.json                   139.80 kB │ gzip:  35.20 kB
dist/assets/mini-bars-loader-y4SGHdGi.json              139.80 kB │ gzip:  34.21 kB
dist/assets/sailboard-notice-LHh-pc5S.json              139.81 kB │ gzip:  35.12 kB
dist/assets/three-dots-loader-DAX_leKL.json             139.82 kB │ gzip:  34.19 kB
dist/assets/mercury-loader-O7GLHRWO.json                140.01 kB │ gzip:  34.96 kB
dist/assets/eclipse-arc-loader-ClowAPoF.json            140.02 kB │ gzip:  34.19 kB
dist/assets/status-row-notice-DeQf4Cni.json             140.07 kB │ gzip:  35.07 kB
dist/assets/arc-spinner-loader-1cjQMEVM.json            140.12 kB │ gzip:  34.14 kB
dist/assets/split-ticket-notice-C8wyzjIA.json           140.21 kB │ gzip:  35.14 kB
dist/assets/slate-finder-B1LvpIcM.json                  140.26 kB │ gzip:  35.31 kB
dist/assets/liquid-merge-loader-Bhq9K0tu.json           140.37 kB │ gzip:  34.21 kB
dist/assets/bezel-finder-BB84q7Ro.json                  140.39 kB │ gzip:  35.27 kB
dist/assets/prism-loader-DB8hFkqk.json                  140.43 kB │ gzip:  35.16 kB
dist/assets/orbital-loom-loader-fjJrnqMB.json           140.47 kB │ gzip:  34.26 kB
dist/assets/inset-loader-D33TAsz7.json                  140.48 kB │ gzip:  34.97 kB
dist/assets/mono-loader-BVmuiIZ3.json                   140.50 kB │ gzip:  35.08 kB
dist/assets/stepped-finder-gu71LIk9.json                140.52 kB │ gzip:  35.23 kB
dist/assets/soft-finder-CLIbD-DD.json                   140.53 kB │ gzip:  35.40 kB
dist/assets/corner-trace-loader-B-1hliOa.json           140.56 kB │ gzip:  34.20 kB
dist/assets/lgc-numbers-lens-CG0nccZw.json              140.56 kB │ gzip:  34.03 kB
dist/assets/lgc-numbers-mist-awH1_8Nj.json              140.64 kB │ gzip:  33.98 kB
dist/assets/capsule-station-notice-B1Td9f2j.json        140.84 kB │ gzip:  35.14 kB
dist/assets/folding-cube-loader-mah2VH4t.json           140.94 kB │ gzip:  34.27 kB
dist/assets/divider-finder-CFs_IYBq.json                140.95 kB │ gzip:  35.27 kB
dist/assets/essential-finder-DWCn4xv5.json              140.96 kB │ gzip:  35.37 kB
dist/assets/soft-progress-CVwazRKZ.json                 141.03 kB │ gzip:  34.92 kB
dist/assets/outline-finder-BfWkIpoL.json                141.04 kB │ gzip:  35.41 kB
dist/assets/ceramic-loader-BTJ8DouM.json                141.11 kB │ gzip:  35.43 kB
dist/assets/grommet-notice-DW0JBmy9.json                141.18 kB │ gzip:  35.54 kB
dist/assets/outline-loader-DGC3bp_Q.json                141.22 kB │ gzip:  35.09 kB
dist/assets/iris-bloom-loader-CoTyVmg5.json             141.24 kB │ gzip:  34.27 kB
dist/assets/folded-corner-notice-DfsClCDK.json          141.25 kB │ gzip:  35.33 kB
dist/assets/wide-label-finder-DcSV7v7o.json             141.25 kB │ gzip:  35.29 kB
dist/assets/paper-carousel-loader-DD7TSXK0.json         141.32 kB │ gzip:  34.24 kB
dist/assets/tick-spinner-loader-CF128P49.json           141.37 kB │ gzip:  34.28 kB
dist/assets/crescent-meter-C8HDU3eD.json                141.41 kB │ gzip:  35.01 kB
dist/assets/essential-progress-C7k76NoL.json            141.50 kB │ gzip:  34.84 kB
dist/assets/compact-progress-boPm3qoC.json              141.52 kB │ gzip:  34.89 kB
dist/assets/label-pair-finder-m-iVL7po.json             141.54 kB │ gzip:  35.35 kB
dist/assets/shuttle-loader-DKbIJziL.json                141.55 kB │ gzip:  34.72 kB
dist/assets/tension-progress-Bc6quZOc.json              141.59 kB │ gzip:  34.99 kB
dist/assets/magnetic-pendulum-loader-CfgevgaC.json      141.59 kB │ gzip:  34.26 kB
dist/assets/bimetal-loader-t6q5GDB9.json                141.69 kB │ gzip:  34.76 kB
dist/assets/ladder-progress-BvrDafiW.json               141.74 kB │ gzip:  34.96 kB
dist/assets/quadrant-progress-DQy0uvDT.json             141.74 kB │ gzip:  35.01 kB
dist/assets/circular-grip-finder-BFmH0O-a.json          141.77 kB │ gzip:  35.36 kB
dist/assets/sheet-margin-finder-YMAn0ysp.json           141.85 kB │ gzip:  35.40 kB
dist/assets/outline-progress-B_-MZCAo.json              141.93 kB │ gzip:  34.91 kB
dist/assets/stitched-catalog-finder-Boc1b_rC.json       142.04 kB │ gzip:  35.27 kB
dist/assets/reservoir-progress-BkcNa8bC.json            142.12 kB │ gzip:  35.05 kB
dist/assets/helix-thread-loader-BLC4dhTC.json           142.16 kB │ gzip:  34.32 kB
dist/assets/nixie-trail-D4kY-iRK.json                   142.16 kB │ gzip:  36.10 kB
dist/assets/prism-trail-CY_atBmf.json                   142.16 kB │ gzip:  36.11 kB
dist/assets/quiet-step-progress-RYz0zrBT.json           142.22 kB │ gzip:  34.96 kB
dist/assets/split-summary-progress-CbUKxy7s.json        142.27 kB │ gzip:  34.92 kB
dist/assets/aurora-trail-BFnpdTxQ.json                  142.32 kB │ gzip:  36.10 kB
dist/assets/copper-trail-B0Rx3BI2.json                  142.32 kB │ gzip:  36.10 kB
dist/assets/semaphore-loader-ClqPT9FT.json              142.47 kB │ gzip:  34.83 kB
dist/assets/mercury-trail-BmljQk3a.json                 142.48 kB │ gzip:  36.11 kB
dist/assets/folding-ruler-progress-6lz9lRAS.json        143.07 kB │ gzip:  35.10 kB
dist/assets/lozenge-transfer-loader-FZopmd6d.json       143.20 kB │ gzip:  34.81 kB
dist/assets/kinetic-abacus-loader-DNuFZHGu.json         143.30 kB │ gzip:  34.88 kB
dist/assets/lg-index-tabs-BR1Xn1bH.json                 143.38 kB │ gzip:  35.88 kB
dist/assets/lg-flow-tabs-DnJ4Iz4n.json                  143.53 kB │ gzip:  36.01 kB
dist/assets/lgc-uploads-mist-BrEO0IWp.json              144.51 kB │ gzip:  35.22 kB
dist/assets/lgc-uploads-lens-BJjcl1eW.json              144.53 kB │ gzip:  35.30 kB
dist/assets/lgc-sliders-lens-sei88b9c.json              144.54 kB │ gzip:  34.45 kB
dist/assets/paper-popover-DFhfeslq.json                 144.55 kB │ gzip:  35.75 kB
dist/assets/lgc-sliders-mist-CnkLn_6U.json              144.55 kB │ gzip:  34.41 kB
dist/assets/compact-popover-CpTkDsSd.json               144.83 kB │ gzip:  35.72 kB
dist/assets/pillbox-popover-u2MAaC26.json               145.27 kB │ gzip:  35.37 kB
dist/assets/soft-popover-TQUpe-Nw.json                  145.50 kB │ gzip:  35.79 kB
dist/assets/corner-note-popover-BmSXiIoh.json           145.72 kB │ gzip:  35.35 kB
dist/assets/outline-popover-DgFeXt-2.json               145.89 kB │ gzip:  35.71 kB
dist/assets/fact-note-popover-BrjfqeL9.json             145.92 kB │ gzip:  35.45 kB
dist/assets/essential-popover-C931oLtd.json             145.97 kB │ gzip:  35.68 kB
dist/assets/index-leaf-popover-DpYGK1SX.json            146.23 kB │ gzip:  35.56 kB
dist/assets/raised-caption-popover-Cg5nYq9H.json        146.40 kB │ gzip:  35.42 kB
dist/assets/pocket-note-popover-krLeJubJ.json           146.84 kB │ gzip:  35.60 kB
dist/assets/braced-note-popover-3EKFkVTt.json           146.84 kB │ gzip:  35.62 kB
dist/assets/nixie-stepper-BOgRQSqM.json                 147.56 kB │ gzip:  36.53 kB
dist/assets/prism-stepper-vmrRfzFV.json                 147.56 kB │ gzip:  36.55 kB
dist/assets/aurora-stepper-wJJ2IYpv.json                147.73 kB │ gzip:  36.54 kB
dist/assets/copper-stepper-D04ZbBAa.json                147.73 kB │ gzip:  36.54 kB
dist/assets/mercury-stepper-C2xvEG6U.json               147.90 kB │ gzip:  36.55 kB
dist/assets/paper-context-RLOUOBXx.json                 148.71 kB │ gzip:  37.68 kB
dist/assets/compact-context-PBIPJzo1.json               148.76 kB │ gzip:  37.65 kB
dist/assets/outline-context-KEVFO7B3.json               148.79 kB │ gzip:  37.63 kB
dist/assets/lgc-wizards-mist-CWuIlm5X.json              149.27 kB │ gzip:  28.91 kB
dist/assets/essential-context-B5UH_zoi.json             149.60 kB │ gzip:  37.95 kB
dist/assets/hinge-context-BxTOFXVV.json                 149.69 kB │ gzip:  38.02 kB
dist/assets/petal-context-4_dQ8Bjc.json                 149.74 kB │ gzip:  38.00 kB
dist/assets/slip-context-B7YlJRrO.json                  149.75 kB │ gzip:  38.15 kB
dist/assets/rail-context-C0eoJo4o.json                  149.80 kB │ gzip:  38.09 kB
dist/assets/orbit-context-Cg5i5KGC.json                 149.80 kB │ gzip:  38.05 kB
dist/assets/ink-context-DFu4CjJs.json                   149.90 kB │ gzip:  38.07 kB
dist/assets/fold-context-DhgcaM2H.json                  149.96 kB │ gzip:  38.06 kB
dist/assets/facet-context-DV0D1zYT.json                 150.17 kB │ gzip:  38.22 kB
dist/assets/switch-context-DmL8js6f.json                150.41 kB │ gzip:  38.06 kB
dist/assets/ticket-context-B8S5a9sa.json                150.86 kB │ gzip:  38.26 kB
dist/assets/lgc-wizards-lens-BkEEKJhp.json              151.05 kB │ gzip:  29.26 kB
dist/assets/arc-label-context-ARmwa3x6.json             151.15 kB │ gzip:  37.96 kB
dist/assets/rail-brace-context-IxYLO2gi.json            151.43 kB │ gzip:  38.00 kB
dist/assets/thin-step-context-Djh1r3M9.json             151.44 kB │ gzip:  37.91 kB
dist/assets/folded-label-context-Bqx9M6ja.json          151.51 kB │ gzip:  38.08 kB
dist/assets/double-sill-context-D1TFnQpN.json           151.52 kB │ gzip:  38.09 kB
dist/assets/cut-corner-context-DwZszChm.json            151.57 kB │ gzip:  38.02 kB
dist/assets/petrol-label-context-B1N0XDs-.json          151.57 kB │ gzip:  38.02 kB
dist/assets/shortcut-rail-context-Cq_TVbi8.json         151.91 kB │ gzip:  38.03 kB
dist/assets/lgc-breadcrumbs-lens-DKlu9YVR.json          151.93 kB │ gzip:  37.73 kB
dist/assets/lgc-badges-mist-DDxcr03E.json               151.94 kB │ gzip:  37.93 kB
dist/assets/hanger-action-context-BYu8mEQE.json         151.96 kB │ gzip:  38.11 kB
dist/assets/lgc-breadcrumbs-mist-DzrjreRP.json          151.98 kB │ gzip:  37.67 kB
dist/assets/chamfer-tool-context-D-GvVZea.json          152.23 kB │ gzip:  38.23 kB
dist/assets/groove-action-context-Dv-R-EWs.json         152.25 kB │ gzip:  38.22 kB
dist/assets/ledger-spur-context-BmhgA2TN.json           152.32 kB │ gzip:  38.25 kB
dist/assets/explained-action-context-C17IUA6P.json      152.59 kB │ gzip:  38.05 kB
dist/assets/crosshair-action-context-D-aBRUKQ.json      152.82 kB │ gzip:  38.27 kB
dist/assets/lgc-pagination-lens-n8cgCxdi.json           154.09 kB │ gzip:  37.86 kB
dist/assets/lgc-badges-lens-ClCpw5tD.json               154.20 kB │ gzip:  38.30 kB
dist/assets/folio-trail-C-kqNPKK.json                   154.48 kB │ gzip:  38.17 kB
dist/assets/velvet-trail-DHh9-ql2.json                  154.64 kB │ gzip:  38.17 kB
dist/assets/obsidian-trail-CPYF0kVp.json                154.95 kB │ gzip:  38.17 kB
dist/assets/lgc-pagination-mist-Du61r8YR.json           155.00 kB │ gzip:  37.86 kB
dist/assets/botanical-trail-Bso97fEx.json               155.11 kB │ gzip:  38.17 kB
dist/assets/blueprint-trail-BufzPywF.json               155.11 kB │ gzip:  38.17 kB
dist/assets/compact-searchbar-D-ZVhw_I.json             155.37 kB │ gzip:  39.29 kB
dist/assets/prism-slit-search-wxHe4YxT.json             157.09 kB │ gzip:  39.67 kB
dist/assets/copper-segments-Cg6Dt5Kk.json               157.48 kB │ gzip:  37.50 kB
dist/assets/nixie-segments-Dax1tifd.json                157.54 kB │ gzip:  37.54 kB
dist/assets/soft-searchbar-D8PgKVbx.json                157.84 kB │ gzip:  39.76 kB
dist/assets/light-command-DbD3Dy5G.json                 157.87 kB │ gzip:  39.61 kB
dist/assets/filled-searchbar-g22tbis5.json              157.94 kB │ gzip:  39.72 kB
dist/assets/outline-command-BqwiL698.json               157.99 kB │ gzip:  39.57 kB
dist/assets/outlined-searchbar-BEd8PD_6.json            158.02 kB │ gzip:  39.69 kB
dist/assets/capsule-searchbar-BYLksfLj.json             158.17 kB │ gzip:  39.75 kB
dist/assets/compact-command-DceAWL13.json               158.22 kB │ gzip:  39.64 kB
dist/assets/essential-searchbar-cIB17uI8.json           158.78 kB │ gzip:  39.92 kB
dist/assets/mercury-segments-LNBApye3.json              158.81 kB │ gzip:  37.97 kB
dist/assets/essential-command-CqviUfS1.json             158.86 kB │ gzip:  39.65 kB
dist/assets/arc-command-dFuHwkqg.json                   158.90 kB │ gzip:  40.11 kB
dist/assets/prism-segments-CdqnZqzk.json                159.11 kB │ gzip:  38.00 kB
dist/assets/orbit-query-BgBt0a0d.json                   159.20 kB │ gzip:  40.24 kB
dist/assets/scroll-command-BUsEs-uJ.json                159.30 kB │ gzip:  40.18 kB
dist/assets/ribbon-query-DJYYtjaw.json                  159.34 kB │ gzip:  40.36 kB
dist/assets/deck-command-DF0l7X49.json                  159.35 kB │ gzip:  40.18 kB
dist/assets/margin-search-B9lA0ohR.json                 159.38 kB │ gzip:  40.21 kB
dist/assets/beam-search-DDtmJinI.json                   159.52 kB │ gzip:  40.27 kB
dist/assets/magnetic-query-ONxLm-OZ.json                159.56 kB │ gzip:  40.28 kB
dist/assets/lagoon-search-LI3X64Xt.json                 159.56 kB │ gzip:  40.44 kB
dist/assets/radar-query-tCBzKua-.json                   159.59 kB │ gzip:  40.39 kB
dist/assets/capped-rail-search-Cxpvbb4p.json            159.63 kB │ gzip:  39.98 kB
dist/assets/ruler-edge-search-B24QfzrH.json             159.75 kB │ gzip:  40.04 kB
dist/assets/spectrum-command-U03Nk1_7.json              159.80 kB │ gzip:  40.27 kB
dist/assets/finder-lip-search-BVzN5aRD.json             159.80 kB │ gzip:  39.99 kB
dist/assets/satellite-search-Cy_4125F.json              159.85 kB │ gzip:  40.25 kB
dist/assets/bookplate-search-BtlXBsv9.json              159.90 kB │ gzip:  40.04 kB
dist/assets/angled-index-search-C417osqK.json           159.90 kB │ gzip:  39.96 kB
dist/assets/pane-handle-search-D_zR5xeI.json            159.92 kB │ gzip:  40.08 kB
dist/assets/index-command-CepXEb7n.json                 160.12 kB │ gzip:  40.21 kB
dist/assets/index-gutter-search-DoDmH6X_.json           160.13 kB │ gzip:  40.02 kB
dist/assets/query-counterweight-DdYlSTKT.json           160.23 kB │ gzip:  40.02 kB
dist/assets/filter-shelf-search-BAk4l4_C.json           160.24 kB │ gzip:  39.99 kB
dist/assets/aperture-command-CrfDD5ZA.json              160.34 kB │ gzip:  40.30 kB
dist/assets/observatory-command-CjoyjVbg.json           160.47 kB │ gzip:  40.26 kB
dist/assets/piano-command-DOdptZA_.json                 160.48 kB │ gzip:  40.44 kB
dist/assets/typesetter-search-Cuy7If90.json             160.56 kB │ gzip:  40.26 kB
dist/assets/lgc-toasts-lens-Douy1PEU.json               160.59 kB │ gzip:  39.19 kB
dist/assets/lgc-progress-mist-BsWvjGJr.json             160.65 kB │ gzip:  38.95 kB
dist/assets/lgc-progress-lens-DcSRv-6g.json             160.66 kB │ gzip:  39.01 kB
dist/assets/switchboard-search-CPl9n-x3.json            160.71 kB │ gzip:  40.40 kB
dist/assets/shelf-command-DAt7m27C.json                 160.72 kB │ gzip:  40.20 kB
dist/assets/terminal-command-aPNaIjr3.json              160.73 kB │ gzip:  40.36 kB
dist/assets/cradle-command-B9MgjLBT.json                160.85 kB │ gzip:  40.20 kB
dist/assets/product-dock-BBorjUGq.json                  160.88 kB │ gzip:  37.73 kB
dist/assets/arc-dock-Brf-hvN0.json                      161.03 kB │ gzip:  38.04 kB
dist/assets/switch-register-search-D4kkwrCQ.json        161.03 kB │ gzip:  40.09 kB
dist/assets/docket-command-fW3Dm-3F.json                161.08 kB │ gzip:  40.23 kB
dist/assets/lgc-toasts-mist-BRhEaTld.json               161.10 kB │ gzip:  39.04 kB
dist/assets/parallax-search-HRWOABnF.json               161.17 kB │ gzip:  40.76 kB
dist/assets/cabled-command-mHbPm-Aa.json                161.18 kB │ gzip:  40.22 kB
dist/assets/monogram-command-DHpPkpUw.json              161.55 kB │ gzip:  40.27 kB
dist/assets/constellation-command-EmyQRhkf.json         161.58 kB │ gzip:  40.27 kB
dist/assets/call-sign-command-S2w66txh.json             161.84 kB │ gzip:  40.26 kB
dist/assets/orbital-dock-Da7KvTX-.json                  161.94 kB │ gzip:  38.10 kB
dist/assets/lgc-hints-mist-BwHF2my4.json                162.00 kB │ gzip:  38.62 kB
dist/assets/corner-gate-command-D8c3EUcZ.json           162.02 kB │ gzip:  40.32 kB
dist/assets/stepped-list-command-BtXzSsTD.json          162.03 kB │ gzip:  40.29 kB
dist/assets/bay-window-command-CwoOxNXA.json            162.17 kB │ gzip:  40.36 kB
dist/assets/shortcut-column-command-CEk48EPb.json       162.35 kB │ gzip:  40.26 kB
dist/assets/lgc-comboboxes-mist-kLIm1LsE.json           162.36 kB │ gzip:  39.08 kB
dist/assets/pressboard-command-Dw8xjxwY.json            162.41 kB │ gzip:  40.39 kB
dist/assets/typecase-command-B6oWiUfG.json              162.56 kB │ gzip:  40.54 kB
dist/assets/oblique-action-command-BVgmQ81S.json        162.71 kB │ gzip:  40.43 kB
dist/assets/description-first-command-iT9lV8AK.json     162.78 kB │ gzip:  40.26 kB
dist/assets/lgc-comboboxes-lens-O_6if7w_.json           163.64 kB │ gzip:  39.22 kB
dist/assets/lgc-hints-lens-Duwm48PH.json                164.47 kB │ gzip:  38.85 kB
dist/assets/lg-bloom-select-D1YPbtG8.json               165.85 kB │ gzip:  40.42 kB
dist/assets/lg-clarity-select-jhkgNGJB.json             165.88 kB │ gzip:  40.30 kB
dist/assets/tide-stepper-CZwO9uqe.json                  167.14 kB │ gzip:  39.68 kB
dist/assets/folio-stepper-Cm4k7Wi-.json                 167.30 kB │ gzip:  39.69 kB
dist/assets/velvet-stepper-tKpZqgJI.json                167.48 kB │ gzip:  39.70 kB
dist/assets/ceramic-stepper-CRv4M4In.json               167.63 kB │ gzip:  39.69 kB
dist/assets/obsidian-stepper-CDfVYkRO.json              167.80 kB │ gzip:  39.70 kB
dist/assets/light-sidebar-uxR5qcvF.json                 167.80 kB │ gzip:  38.33 kB
dist/assets/aperture-stepper-CRS8NOd-.json              167.80 kB │ gzip:  39.68 kB
dist/assets/botanical-stepper-CWNLuo4c.json             167.96 kB │ gzip:  39.70 kB
dist/assets/blueprint-stepper-DrL5Hfj2.json             167.97 kB │ gzip:  39.71 kB
dist/assets/pill-navigation-6HhnSO3T.json               168.29 kB │ gzip:  38.35 kB
dist/assets/mobile-navigation-Ws-Rk_zf.json             168.36 kB │ gzip:  38.33 kB
dist/assets/compact-navigation-qd2OZvN3.json            168.46 kB │ gzip:  38.30 kB
dist/assets/essential-header-Bn0gKoCu.json              168.71 kB │ gzip:  38.30 kB
dist/assets/underline-navigation-BvT6dc7I.json          168.73 kB │ gzip:  38.31 kB
dist/assets/simple-sidebar-B4WWY2ku.json                168.85 kB │ gzip:  38.37 kB
dist/assets/axis-rail-nav-DlzsV94Z.json                 168.90 kB │ gzip:  38.69 kB
dist/assets/copper-tabs-Duc-Kqky.json                   168.90 kB │ gzip:  40.08 kB
dist/assets/nixie-tabs-Diw5Imxs.json                    168.97 kB │ gzip:  40.18 kB
dist/assets/ribbon-header-C8KJ_043.json                 169.27 kB │ gzip:  38.77 kB
dist/assets/glass-horizon-nav-CI2HoAWr.json             169.35 kB │ gzip:  38.80 kB
dist/assets/portal-header-BdYyHxYK.json                 169.35 kB │ gzip:  38.81 kB
dist/assets/cantoned-navigation-4KZoRLiG.json           169.51 kB │ gzip:  38.36 kB
dist/assets/contour-navigation-Ywj8xu9K.json            169.60 kB │ gzip:  38.73 kB
dist/assets/paper-index-nav-C5rfTD_q.json               169.61 kB │ gzip:  38.80 kB
dist/assets/mosaic-navigation-BNhsu9MI.json             169.74 kB │ gzip:  38.76 kB
dist/assets/sill-dock-navigation-A53h87Mg.json          169.84 kB │ gzip:  38.30 kB
dist/assets/terminal-routes-BUaMBE4Q.json               169.90 kB │ gzip:  38.84 kB
dist/assets/corner-flag-navigation-DJ3Oqxoi.json        169.95 kB │ gzip:  38.33 kB
dist/assets/compartment-navigation-Bu7kRmV3.json        169.95 kB │ gzip:  38.28 kB
dist/assets/arched-route-navigation--vcsp61Y.json       170.10 kB │ gzip:  38.33 kB
dist/assets/switchplate-navigation-BYSS-omc.json        170.20 kB │ gzip:  38.39 kB
dist/assets/scored-route-navigation-BbvFv7_F.json       170.36 kB │ gzip:  38.37 kB
dist/assets/folio-column-navigation-DWBvK47u.json       170.64 kB │ gzip:  38.41 kB
dist/assets/split-gate-nav-D2hWjVtF.json                170.90 kB │ gzip:  39.02 kB
dist/assets/prism-tabs-BFM8rOmv.json                    171.10 kB │ gzip:  40.51 kB
dist/assets/aurora-tabs-CBbKdXqY.json                   171.10 kB │ gzip:  40.44 kB
dist/assets/vertical-register-navigation-KECOrlrL.json  171.26 kB │ gzip:  38.38 kB
dist/assets/ticket-segments-DRBqL8Y7.json               175.61 kB │ gzip:  40.44 kB
dist/assets/velvet-segments-C8l1W0K3.json               175.67 kB │ gzip:  40.58 kB
dist/assets/signal-segments-BKKZjSVk.json               175.73 kB │ gzip:  40.42 kB
dist/assets/lgc-contextmenus-lens-DY5UgFYH.json         175.97 kB │ gzip:  42.05 kB
dist/assets/studio-segments-g-SO6Jn_.json               176.06 kB │ gzip:  40.53 kB
dist/assets/lgc-contextmenus-mist-9mk8fvHf.json         176.14 kB │ gzip:  42.06 kB
dist/assets/orbital-segments-Cy8BPFxk.json              176.26 kB │ gzip:  40.64 kB
dist/assets/origami-segments-BNBmwEsA.json              176.50 kB │ gzip:  40.65 kB
dist/assets/air-table-C_RJwRTf.json                     176.71 kB │ gzip:  46.19 kB
dist/assets/blueprint-segments-xFIP8Hu-.json            176.73 kB │ gzip:  40.51 kB
dist/assets/lens-segments-DTrFPkec.json                 176.95 kB │ gzip:  40.94 kB
dist/assets/ceramic-segments-CBoDERXi.json              177.02 kB │ gzip:  40.75 kB
dist/assets/outline-table-ppS8kRKF.json                 177.03 kB │ gzip:  46.17 kB
dist/assets/compact-table-xucv4b6B.json                 177.17 kB │ gzip:  46.20 kB
dist/assets/zebra-table-0czNQRpZ.json                   177.35 kB │ gzip:  46.29 kB
dist/assets/essential-table-CCgwhm5j.json               177.74 kB │ gzip:  46.15 kB
dist/assets/capillary-segments-CauEaXZI.json            177.74 kB │ gzip:  40.93 kB
dist/assets/lgc-commands-lens-DF61GBfI.json             178.23 kB │ gzip:  43.32 kB
dist/assets/lgc-commands-mist-DxTrlBxy.json             178.38 kB │ gzip:  43.27 kB
dist/assets/ledger-table-B3DZsJGy.json                  178.57 kB │ gzip:  46.65 kB
dist/assets/obsidian-grid-BX5CCj9C.json                 178.60 kB │ gzip:  46.66 kB
dist/assets/glass-ledger-DOKMmQCS.json                  178.61 kB │ gzip:  46.73 kB
dist/assets/gallery-table-DIcj6oBu.json                 178.76 kB │ gzip:  46.51 kB
dist/assets/folio-table-Cejdh-9t.json                   178.78 kB │ gzip:  46.73 kB
dist/assets/blueprint-table-BPN1tCeR.json               178.89 kB │ gzip:  46.65 kB
dist/assets/optical-matrix-BaIvk-qw.json                179.00 kB │ gzip:  46.69 kB
dist/assets/transit-board-DL7zNmqF.json                 179.08 kB │ gzip:  46.72 kB
dist/assets/readable-record-table-CYd2AGrw.json         179.98 kB │ gzip:  46.43 kB
dist/assets/progress-tube-table-DwRVQKeN.json           180.04 kB │ gzip:  46.50 kB
dist/assets/control-room-table-CUfyh_8T.json            180.17 kB │ gzip:  46.85 kB
dist/assets/ledger-spine-table-CgU-qaTo.json            180.26 kB │ gzip:  46.67 kB
dist/assets/column-bay-table-dznFAu2b.json              180.28 kB │ gzip:  46.72 kB
dist/assets/tension-grid-table-DJbRdOvv.json            180.68 kB │ gzip:  46.67 kB
dist/assets/folio-drawer-table-Nad1Zjnl.json            180.70 kB │ gzip:  46.70 kB
dist/assets/margin-ledger-table-CbpLEeKK.json           180.74 kB │ gzip:  46.63 kB
dist/assets/row-marker-table-uyd-Ko7i.json              180.77 kB │ gzip:  46.69 kB
dist/assets/floating-row-table-BOdyNUcu.json            180.91 kB │ gzip:  46.66 kB
dist/assets/dated-card-table-CbRbS_4h.json              181.04 kB │ gzip:  46.88 kB
dist/assets/stepped-header-table-XGJaUJCa.json          181.11 kB │ gzip:  46.66 kB
dist/assets/numeric-deck-table-CmihzeAE.json            181.32 kB │ gzip:  46.75 kB
dist/assets/border-weave-table-vTRS0k2x.json            181.45 kB │ gzip:  46.89 kB
dist/assets/slotted-record-table-OUmuXGKS.json          181.83 kB │ gzip:  46.91 kB
dist/assets/paper-calendar-D-Vuew-N.json                182.49 kB │ gzip:  45.18 kB
dist/assets/slate-calendar-Cjo_6fum.json                182.50 kB │ gzip:  45.08 kB
dist/assets/inset-calendar-DcR19yin.json                182.69 kB │ gzip:  45.11 kB
dist/assets/soft-calendar-CdII0Vx_.json                 182.77 kB │ gzip:  45.18 kB
dist/assets/essential-calendar-_TFLDgnl.json            182.97 kB │ gzip:  45.03 kB
dist/assets/form-date-calendar-CdaK_pN3.json            183.12 kB │ gzip:  45.03 kB
dist/assets/calendar-placket-DpoRz6tM.json              184.76 kB │ gzip:  45.43 kB
dist/assets/lunette-calendar-DS4qimWY.json              184.84 kB │ gzip:  45.54 kB
dist/assets/two-leaf-calendar-mGyG0FEe.json             186.14 kB │ gzip:  45.77 kB
dist/assets/stamp-grid-calendar-BVoUgWph.json           186.23 kB │ gzip:  45.71 kB
dist/assets/slotted-time-calendar-BEppyY89.json         186.62 kB │ gzip:  45.73 kB
dist/assets/signal-box-calendar-CDPACfR0.json           186.67 kB │ gzip:  45.80 kB
dist/assets/ticket-tabs-Djc-OxRU.json                   186.88 kB │ gzip:  43.08 kB
dist/assets/velvet-tabs-CZo380u5.json                   186.93 kB │ gzip:  43.11 kB
dist/assets/folio-tabs-CS-evILr.json                    187.03 kB │ gzip:  43.12 kB
dist/assets/signal-tabs-DVnPd5Aa.json                   187.05 kB │ gzip:  43.06 kB
dist/assets/ribbon-tabs-CEp6vZZD.json                   187.20 kB │ gzip:  43.15 kB
dist/assets/obsidian-tabs-Cl1tp-TH.json                 187.26 kB │ gzip:  43.17 kB
dist/assets/kinetic-tabs-8Jq6bWQN.json                  187.27 kB │ gzip:  43.19 kB
dist/assets/lgc-navigation-lens-B9fUSCWz.json           187.29 kB │ gzip:  41.63 kB
dist/assets/appointment-card-calendar-WRgeDMb6.json     187.38 kB │ gzip:  45.72 kB
dist/assets/lgc-navigation-mist-C2i8Xsx6.json           187.45 kB │ gzip:  41.58 kB
dist/assets/studio-tabs-Dz_vlVsd.json                   187.46 kB │ gzip:  43.19 kB
dist/assets/dial-caption-calendar-DIfDi7dT.json         187.50 kB │ gzip:  45.95 kB
dist/assets/stepped-date-calendar-BQl0_XAj.json         187.76 kB │ gzip:  45.92 kB
dist/assets/observatory-tabs-BHtP8DO4.json              187.97 kB │ gzip:  43.13 kB
dist/assets/blueprint-tabs-BhRQJjyk.json                188.26 kB │ gzip:  43.18 kB
dist/assets/optic-tabs-CVa7EeC1.json                    189.22 kB │ gzip:  43.55 kB
dist/assets/lgc-searchbars-mist-Bu_CXtuR.json           190.64 kB │ gzip:  45.09 kB
dist/assets/prism-progress-DHGi6QcU.json                191.85 kB │ gzip:  48.98 kB
dist/assets/nixie-progress-C9kOm1Kk.json                191.92 kB │ gzip:  48.99 kB
dist/assets/copper-progress-EkYWrV0K.json               192.08 kB │ gzip:  49.00 kB
dist/assets/aurora-progress-BdBvCi1d.json               192.12 kB │ gzip:  49.00 kB
dist/assets/mercury-progress-DMNS4Ez7.json              192.25 kB │ gzip:  49.02 kB
dist/assets/lgc-searchbars-lens-DhEgBKK5.json           192.94 kB │ gzip:  45.71 kB
dist/assets/tide-progress-DYHvWumN.json                 205.43 kB │ gzip:  51.32 kB
dist/assets/folio-progress-WdUyFLUy.json                205.52 kB │ gzip:  51.30 kB
dist/assets/relay-progress-3_37vONK.json                205.55 kB │ gzip:  51.29 kB
dist/assets/velvet-progress-BrDFYfAl.json               205.70 kB │ gzip:  51.28 kB
dist/assets/ceramic-progress-BIPhwqRI.json              205.85 kB │ gzip:  51.32 kB
dist/assets/transit-progress-B13-hY3Z.json              205.87 kB │ gzip:  51.31 kB
dist/assets/contour-progress-s2Lzn4Ot.json              205.94 kB │ gzip:  51.32 kB
dist/assets/obsidian-progress-CKS8xXuf.json             206.05 kB │ gzip:  51.33 kB
dist/assets/aperture-progress-CcFZ0C6V.json             206.12 kB │ gzip:  51.32 kB
dist/assets/botanical-progress-DJ99LLzJ.json            206.23 kB │ gzip:  51.34 kB
dist/assets/blueprint-progress-Bvy4MW5d.json            206.27 kB │ gzip:  51.32 kB
dist/assets/lgc-datepickers-mist-BanpSskl.json          208.25 kB │ gzip:  49.21 kB
dist/assets/lgc-datepickers-lens-oLBMUUK0.json          209.60 kB │ gzip:  49.33 kB
dist/assets/lgc-tables-mist-CSYt47OF.json               212.83 kB │ gzip:  52.46 kB
dist/assets/lgc-tables-lens-BhdgOUfI.json               216.13 kB │ gzip:  53.26 kB
dist/assets/prism-dropzone-BF2CK-s-.json                217.45 kB │ gzip:  55.12 kB
dist/assets/nixie-dropzone-Btj2rCRB.json                217.52 kB │ gzip:  55.13 kB
dist/assets/copper-dropzone-85FKQL17.json               217.68 kB │ gzip:  55.13 kB
dist/assets/aurora-dropzone-Cm4h1TDj.json               217.72 kB │ gzip:  55.14 kB
dist/assets/mercury-dropzone-BKcR5nYP.json              217.85 kB │ gzip:  55.16 kB
dist/assets/prism-pages-B6fJ9Hc-.json                   223.98 kB │ gzip:  59.72 kB
dist/assets/nixie-pages-DC9u9hd-.json                   224.05 kB │ gzip:  59.71 kB
dist/assets/aurora-pages-lrbPD15T.json                  224.18 kB │ gzip:  59.73 kB
dist/assets/copper-pages-Bcr2f8H0.json                  224.18 kB │ gzip:  59.74 kB
dist/assets/mercury-pages-BA434vuT.json                 224.35 kB │ gzip:  59.75 kB
dist/assets/tide-dropzone-CjfMRqqc.json                 231.03 kB │ gzip:  57.51 kB
dist/assets/folio-dropzone-D7s-Yysw.json                231.12 kB │ gzip:  57.49 kB
dist/assets/velvet-dropzone-CasmjQ_P.json               231.30 kB │ gzip:  57.47 kB
dist/assets/ceramic-dropzone-BOpkzQux.json              231.46 kB │ gzip:  57.50 kB
dist/assets/obsidian-dropzone-C59N3VwY.json             231.65 kB │ gzip:  57.49 kB
dist/assets/aperture-dropzone-Ce2Q4jLR.json             231.73 kB │ gzip:  57.50 kB
dist/assets/botanical-dropzone-BNd5CTAK.json            231.84 kB │ gzip:  57.50 kB
dist/assets/blueprint-dropzone-jpjxCpya.json            231.88 kB │ gzip:  57.51 kB
dist/assets/velvet-pages-ClA9Gtsg.json                  237.37 kB │ gzip:  62.03 kB
dist/assets/obsidian-pages-NbA45b3E.json                237.77 kB │ gzip:  62.11 kB
dist/assets/folio-pages-CqWa4Gem.json                   237.92 kB │ gzip:  62.25 kB
dist/assets/botanical-pages-xzyR1_vw.json               237.93 kB │ gzip:  62.09 kB
dist/assets/blueprint-pages-BhsFxAJi.json               237.98 kB │ gzip:  62.11 kB
dist/assets/nixie-choice-DB8ApED3.json                  243.15 kB │ gzip:  59.65 kB
dist/assets/prism-choice-DHbzYv98.json                  243.15 kB │ gzip:  59.65 kB
dist/assets/aurora-choice-DO4fmMJT.json                 243.23 kB │ gzip:  59.60 kB
dist/assets/copper-choice-sMwIa4X9.json                 243.24 kB │ gzip:  59.64 kB
dist/assets/mercury-choice-B7kgVGIy.json                243.45 kB │ gzip:  59.65 kB
dist/assets/prism-tags-DEC73qMn.json                    250.71 kB │ gzip:  65.74 kB
dist/assets/nixie-tags-BSOesFxB.json                    250.75 kB │ gzip:  65.75 kB
dist/assets/aurora-tags-B1r2hUm4.json                   250.83 kB │ gzip:  65.73 kB
dist/assets/copper-tags-DQVux9X_.json                   250.83 kB │ gzip:  65.74 kB
dist/assets/mercury-tags-B7oMoC7y.json                  251.12 kB │ gzip:  65.75 kB
dist/assets/prism-finder-Bgl7Jszq.json                  251.50 kB │ gzip:  60.90 kB
dist/assets/aurora-finder-X3paKToV.json                 251.58 kB │ gzip:  60.80 kB
dist/assets/copper-finder-Ch2GHE5U.json                 251.60 kB │ gzip:  60.88 kB
dist/assets/nixie-finder-vgOSl1N2.json                  251.75 kB │ gzip:  60.97 kB
dist/assets/mercury-finder-L_nTS4tU.json                251.80 kB │ gzip:  60.88 kB
dist/assets/tide-tags-IY8JISca.json                     263.69 kB │ gzip:  68.08 kB
dist/assets/relay-tags-Blsn3t0V.json                    263.86 kB │ gzip:  68.08 kB
dist/assets/folio-tags-BMsfmae4.json                    263.91 kB │ gzip:  68.12 kB
dist/assets/velvet-tags-BEzA9IBd.json                   264.08 kB │ gzip:  68.11 kB
dist/assets/ceramic-tags-DZdPjKSl.json                  264.23 kB │ gzip:  68.13 kB
dist/assets/contour-tags-BcrQ4okt.json                  264.24 kB │ gzip:  68.11 kB
dist/assets/transit-tags-DrZvii-n.json                  264.28 kB │ gzip:  68.11 kB
dist/assets/obsidian-tags-vHSYecaP.json                 264.40 kB │ gzip:  68.13 kB
dist/assets/aperture-tags-CrSGXXje.json                 264.48 kB │ gzip:  68.14 kB
dist/assets/botanical-tags-CeHLlHJq.json                264.58 kB │ gzip:  68.14 kB
dist/assets/blueprint-tags-h_3sQVA-.json                264.59 kB │ gzip:  68.15 kB
dist/assets/tide-choice-2GnXXGrj.json                   267.33 kB │ gzip:  63.15 kB
dist/assets/folio-choice-DcIWIBEJ.json                  267.54 kB │ gzip:  63.20 kB
dist/assets/relay-choice-DYeXM4wt.json                  267.60 kB │ gzip:  63.17 kB
dist/assets/velvet-choice-CKNmD7oM.json                 267.72 kB │ gzip:  63.18 kB
dist/assets/transit-choice-BklNk8QM.json                267.89 kB │ gzip:  63.19 kB
dist/assets/ceramic-choice-Dp5EiIxt.json                267.89 kB │ gzip:  63.19 kB
dist/assets/contour-choice-B-tkjWbm.json                267.89 kB │ gzip:  63.16 kB
dist/assets/obsidian-choice-DctSUps3.json               268.05 kB │ gzip:  63.21 kB
dist/assets/aperture-choice-CuNUeOtR.json               268.07 kB │ gzip:  63.20 kB
dist/assets/blueprint-choice-DNTioMNY.json              268.16 kB │ gzip:  63.20 kB
dist/assets/botanical-choice-W9ZCbX9j.json              268.35 kB │ gzip:  63.22 kB
dist/assets/tide-finder-CBzmaP1D.json                   275.68 kB │ gzip:  64.42 kB
dist/assets/folio-finder-oC8HUZMj.json                  275.89 kB │ gzip:  64.44 kB
dist/assets/velvet-finder-30OCIb-b.json                 276.07 kB │ gzip:  64.44 kB
dist/assets/relay-finder-u8-PX8Zs.json                  276.08 kB │ gzip:  64.45 kB
dist/assets/transit-finder-B1XD4ZwK.json                276.24 kB │ gzip:  64.44 kB
dist/assets/nixie-calendar-Biv8otyR.json                276.24 kB │ gzip:  67.91 kB
dist/assets/ceramic-finder-bCnfj79C.json                276.25 kB │ gzip:  64.44 kB
dist/assets/contour-finder-Ch0QYJ4k.json                276.25 kB │ gzip:  64.44 kB
dist/assets/prism-calendar-C8d-_VZY.json                276.27 kB │ gzip:  67.94 kB
dist/assets/copper-calendar-DxHgf5Xa.json               276.41 kB │ gzip:  67.93 kB
dist/assets/aperture-finder-BBbE_aNi.json               276.42 kB │ gzip:  64.45 kB
dist/assets/aurora-calendar-Be0pQ3IA.json               276.45 kB │ gzip:  67.94 kB
dist/assets/obsidian-finder-DvlgZCW9.json               276.53 kB │ gzip:  64.49 kB
dist/assets/mercury-calendar-CzVhauJl.json              276.59 kB │ gzip:  67.94 kB
dist/assets/blueprint-finder-Dz9GVOeq.json              276.65 kB │ gzip:  64.48 kB
dist/assets/botanical-finder-BEwHK7kI.json              276.71 kB │ gzip:  64.48 kB
dist/assets/copper-notice-DkZliqbV.json                 281.96 kB │ gzip:  65.00 kB
dist/assets/aurora-notice-BenddDuw.json                 282.04 kB │ gzip:  64.99 kB
dist/assets/mercury-notice-COi1CRGm.json                282.22 kB │ gzip:  65.02 kB
dist/assets/prism-notice-DcKWND1S.json                  282.42 kB │ gzip:  65.04 kB
dist/assets/nixie-notice-BkxSrj1b.json                  282.45 kB │ gzip:  65.05 kB
dist/assets/folio-calendar-D-tVjleK.json                289.84 kB │ gzip:  70.30 kB
dist/assets/tide-calendar--SVuQ6kC.json                 289.84 kB │ gzip:  70.39 kB
dist/assets/velvet-calendar-_fGwwVf0.json               290.04 kB │ gzip:  70.31 kB
dist/assets/ceramic-calendar-HFf929mq.json              290.19 kB │ gzip:  70.31 kB
dist/assets/botanical-calendar-CDKtTf3R.json            290.39 kB │ gzip:  70.33 kB
dist/assets/aperture-calendar-CDPwR4ob.json             290.47 kB │ gzip:  70.31 kB
dist/assets/obsidian-calendar-6oClmxte.json             290.68 kB │ gzip:  70.35 kB
dist/assets/blueprint-calendar-BTCZk3wf.json            290.91 kB │ gzip:  70.35 kB
dist/assets/aurora-popover-CsePRcGt.json                291.73 kB │ gzip:  66.48 kB
dist/assets/copper-popover-9R4jnq7N.json                291.79 kB │ gzip:  66.56 kB
dist/assets/nixie-popover-BSPkYlMf.json                 292.21 kB │ gzip:  66.54 kB
dist/assets/prism-popover-DPKnzzkS.json                 292.30 kB │ gzip:  66.52 kB
dist/assets/mercury-popover-DhqvNNi2.json               292.55 kB │ gzip:  66.55 kB
dist/assets/aurora-range-FeNXMylz.json                  313.91 kB │ gzip:  54.92 kB
dist/assets/copper-range-CzoMC9kD.json                  314.78 kB │ gzip:  55.04 kB
dist/assets/mercury-range-CDItXZn8.json                 315.64 kB │ gzip:  55.12 kB
dist/assets/prism-range-BcLTdeTK.json                   315.68 kB │ gzip:  55.15 kB
dist/assets/nixie-range-CahFgNlD.json                   317.72 kB │ gzip:  55.42 kB
dist/assets/velvet-notice-nlt4ZWje.json                 320.99 kB │ gzip:  70.24 kB
dist/assets/transit-notice-BzsHKY1w.json                321.13 kB │ gzip:  70.22 kB
dist/assets/contour-notice-C7CgGgB8.json                321.15 kB │ gzip:  70.23 kB
dist/assets/ceramic-notice-Cqk84vUR.json                321.21 kB │ gzip:  70.23 kB
dist/assets/tide-notice-C1bSHk1C.json                   321.24 kB │ gzip:  70.27 kB
dist/assets/aperture-notice-BsX2_Keh.json               321.33 kB │ gzip:  70.19 kB
dist/assets/relay-notice-xKQr3Z0N.json                  321.36 kB │ gzip:  70.28 kB
dist/assets/obsidian-notice-VBf-XFTS.json               321.38 kB │ gzip:  70.23 kB
dist/assets/folio-notice-BmfsYi1C.json                  321.41 kB │ gzip:  70.28 kB
dist/assets/botanical-notice-CPJgIviR.json              321.50 kB │ gzip:  70.23 kB
dist/assets/blueprint-notice-DTpacA5m.json              321.56 kB │ gzip:  70.24 kB
dist/assets/tide-popover-CR8xo9ka.json                  331.95 kB │ gzip:  71.78 kB
dist/assets/folio-popover-M7LnH2Lc.json                 331.96 kB │ gzip:  71.95 kB
dist/assets/contour-popover-Ltw8SRm-.json               331.99 kB │ gzip:  71.79 kB
dist/assets/obsidian-popover-CfbSooqg.json              332.16 kB │ gzip:  71.80 kB
dist/assets/relay-popover-DtiyGkfN.json                 332.23 kB │ gzip:  71.79 kB
dist/assets/aperture-popover-Bjx7Otjs.json              332.32 kB │ gzip:  71.80 kB
dist/assets/velvet-popover-BtsHfr83.json                332.35 kB │ gzip:  71.76 kB
dist/assets/transit-popover-COMIRjEc.json               332.58 kB │ gzip:  71.82 kB
dist/assets/ceramic-popover-Cd2AsQlT.json               332.87 kB │ gzip:  71.91 kB
dist/assets/blueprint-popover-DztmcW2b.json             332.89 kB │ gzip:  71.80 kB
dist/assets/botanical-popover-Ba2Hc8_h.json             333.34 kB │ gzip:  71.92 kB
dist/assets/contour-range-BG4o6R-J.json                 347.58 kB │ gzip:  59.04 kB
dist/assets/relay-range-C_FT3OPl.json                   348.08 kB │ gzip:  59.19 kB
dist/assets/transit-range-y7KL9TpY.json                 348.75 kB │ gzip:  59.12 kB
dist/assets/tide-range-BwrDmb7S.json                    348.76 kB │ gzip:  59.33 kB
dist/assets/velvet-range-C8dIKZ-9.json                  349.67 kB │ gzip:  59.36 kB
dist/assets/obsidian-range-DK70SqGj.json                351.47 kB │ gzip:  59.62 kB
dist/assets/aperture-range-Cr9f8LMJ.json                351.63 kB │ gzip:  59.58 kB
dist/assets/blueprint-range-ZRyTnCeC.json               354.54 kB │ gzip:  59.64 kB
dist/assets/botanical-range-bwdrkjDc.json               356.90 kB │ gzip:  60.10 kB
dist/assets/ceramic-range-DwNeWU-G.json                 358.31 kB │ gzip:  60.09 kB
dist/assets/folio-range-BX8_FPKi.json                   361.13 kB │ gzip:  60.58 kB
dist/assets/styles-BYqXG2Ub.css                           1.72 kB │ gzip:   0.60 kB
dist/assets/color-CnNR48b_.css                            8.15 kB │ gzip:   2.29 kB
dist/assets/liquid-glass-preview-DyI71ge6.css             8.50 kB │ gzip:   2.18 kB
dist/assets/buttons-Xw4L28tx.css                         54.24 kB │ gzip:   7.64 kB
dist/assets/links-D5gv3Mq0.css                           57.31 kB │ gzip:   6.36 kB
dist/assets/checkboxes-Cnx3iWc-.css                      61.40 kB │ gzip:   8.49 kB
dist/assets/blocks-DjrO4ZKy.css                          65.56 kB │ gzip:   8.68 kB
dist/assets/skeletons-BGZmkWdA.css                       72.11 kB │ gzip:   9.29 kB
dist/assets/timelines-cPSGbr01.css                       74.21 kB │ gzip:   9.75 kB
dist/assets/colors-7D0exvJR.css                          78.67 kB │ gzip:  10.86 kB
dist/assets/ornaments-CdJa3BK8.css                       89.87 kB │ gzip:   8.74 kB
dist/assets/avatars-CZygcgxW.css                         90.05 kB │ gzip:  11.82 kB
dist/assets/ratings-Dve6u5tl.css                         90.32 kB │ gzip:  11.14 kB
dist/assets/scrollbars-CH0P_D8X.css                      97.23 kB │ gzip:  10.03 kB
dist/assets/textboxes-CvL1F2kd.css                       99.36 kB │ gzip:  11.45 kB
dist/assets/wizards-F9UrPqze.css                        102.42 kB │ gzip:  13.64 kB
dist/assets/dropdowns-CzYuek1l.css                      109.03 kB │ gzip:  13.82 kB
dist/assets/toggles-COSDz5PB.css                        116.41 kB │ gzip:  19.04 kB
dist/assets/index-B6wajr4h.css                          116.88 kB │ gzip:  24.13 kB
dist/assets/accordions-DpfKt-dp.css                     118.57 kB │ gzip:  15.21 kB
dist/assets/tabs-BXlYmT5Y.css                           138.43 kB │ gzip:  15.88 kB
dist/assets/segments-BbKmOp1h.css                       142.14 kB │ gzip:  15.62 kB
dist/assets/popups-DySEfk5h.css                         155.72 kB │ gzip:  16.72 kB
dist/assets/navigation-CN0BzvZf.css                     156.33 kB │ gzip:  15.47 kB
dist/assets/contextmenus-D4dfbQ_k.css                   172.84 kB │ gzip:  17.75 kB
dist/assets/searchbars-CDYg-y8G.css                     173.82 kB │ gzip:  18.39 kB
dist/assets/commands-Dwy0A9TW.css                       176.44 kB │ gzip:  19.18 kB
dist/assets/tables-TkhoPiFc.css                         185.06 kB │ gzip:  19.81 kB
dist/assets/loaders-fOJ4TKUJ.css                        206.32 kB │ gzip:  17.22 kB
dist/assets/breadcrumbs-G_cmtpbu.css                    213.39 kB │ gzip:  17.84 kB
dist/assets/numbers-ChYLJnhj.css                        223.05 kB │ gzip:  19.17 kB
dist/assets/progress-gfgrReSv.css                       244.35 kB │ gzip:  19.98 kB
dist/assets/uploads-Cqj5U5RF.css                        244.48 kB │ gzip:  21.18 kB
dist/assets/pagination-Cvv5938c.css                     246.29 kB │ gzip:  21.98 kB
dist/assets/badges-B0XXAYUg.css                         248.48 kB │ gzip:  20.54 kB
dist/assets/datepickers-DmHVJtDc.css                    256.78 kB │ gzip:  22.76 kB
dist/assets/radios-DrUyKDJI.css                         318.37 kB │ gzip:  23.33 kB
dist/assets/comboboxes-D-V_KNxX.css                     323.81 kB │ gzip:  24.10 kB
dist/assets/hints-BLamRhzW.css                          340.74 kB │ gzip:  25.52 kB
dist/assets/toasts-B_DIKXFg.css                         357.12 kB │ gzip:  27.33 kB
dist/assets/sliders-Y3awV6sh.css                        788.04 kB │ gzip:  66.95 kB
dist/assets/liquid-glass-preview-y757BxMr.js              0.60 kB │ gzip:   0.33 kB
dist/assets/model-CHMVoZzx.js                             1.20 kB │ gzip:   0.64 kB
dist/assets/presentation-spring-BwV6WKdM.js               1.44 kB │ gzip:   0.78 kB
dist/assets/core-D915pefw.js                              2.80 kB │ gzip:   1.44 kB
dist/assets/notice-art-B57NPhMa.js                        3.58 kB │ gzip:   0.89 kB
dist/assets/action-preview-B_dGId07.js                    4.70 kB │ gzip:   2.33 kB
dist/assets/signature-preview-nAsvDitD.js                 4.84 kB │ gzip:   2.05 kB
dist/assets/workbench-preview-Bi-Hz1j3.js                 5.23 kB │ gzip:   2.31 kB
dist/assets/check-popup-preview-_8FNJh41.js               5.24 kB │ gzip:   2.29 kB
dist/assets/navigation-DciscwOA.js                        5.48 kB │ gzip:   2.35 kB
dist/assets/core-DjoCM-hR.js                              5.75 kB │ gzip:   2.77 kB
dist/assets/core-D95WnaFd.js                              6.27 kB │ gzip:   2.85 kB
dist/assets/color-DPUquLik.js                             7.15 kB │ gzip:   2.99 kB
dist/assets/samples-Nbfa4lnC.js                           7.35 kB │ gzip:   3.55 kB
dist/assets/feedback-6nQxBk9_.js                          7.67 kB │ gzip:   2.99 kB
dist/assets/core-CdpoOtVK.js                              8.93 kB │ gzip:   3.52 kB
dist/assets/art-DoOpx4ZB.js                               9.55 kB │ gzip:   4.07 kB
dist/assets/overlay-x09OgYuS.js                           9.71 kB │ gzip:   4.06 kB
dist/assets/transit-selection-CQMTw6gq.js                10.37 kB │ gzip:   3.51 kB
dist/assets/controls-CJ4ETTOQ.js                         10.60 kB │ gzip:   3.97 kB
dist/assets/foundation-preview-Brl73v4Y.js               11.92 kB │ gzip:   4.01 kB
dist/assets/feedback-DjME_7Bj.js                         12.08 kB │ gzip:   4.00 kB
dist/assets/pagination-DEfou0z9.js                       14.55 kB │ gzip:   6.47 kB
dist/assets/ornaments-DJTwiSaA.js                        33.25 kB │ gzip:   4.34 kB
dist/assets/blocks-6M2yVdbZ.js                           39.23 kB │ gzip:   7.18 kB
dist/assets/toasts-Dyeehjq-.js                           45.59 kB │ gzip:   5.52 kB
dist/assets/links-D69jKCvC.js                            46.63 kB │ gzip:   5.28 kB
dist/assets/buttons-PADoMgT-.js                          49.84 kB │ gzip:   6.76 kB
dist/assets/checkboxes-LeyU1vpt.js                       56.77 kB │ gzip:   6.77 kB
dist/assets/pagination-CJ4Vmx8t.js                       60.28 kB │ gzip:   6.10 kB
dist/assets/loaders-BYVBA5f1.js                          62.20 kB │ gzip:   7.37 kB
dist/assets/skeletons-Oij7Elap.js                        63.07 kB │ gzip:   5.66 kB
dist/assets/toggles-CNLFnyzt.js                          68.44 kB │ gzip:  14.62 kB
dist/assets/radios-C2mae0Fq.js                           69.69 kB │ gzip:   6.71 kB
dist/assets/progress-CWbKJKUt.js                         69.89 kB │ gzip:   7.26 kB
dist/assets/numbers-CD9Fqp42.js                          72.13 kB │ gzip:   7.37 kB
dist/assets/breadcrumbs-CdV3Mt3-.js                      73.33 kB │ gzip:   7.46 kB
dist/assets/details-Bn4KVcMX.js                          74.02 kB │ gzip:  26.83 kB
dist/assets/sliders-HgklVQD5.js                          74.42 kB │ gzip:  10.14 kB
dist/assets/badges-C3HxjXVN.js                           77.57 kB │ gzip:   9.11 kB
dist/assets/segments-COjesCu9.js                         78.45 kB │ gzip:   7.01 kB
dist/assets/uploads-jJzYpoIi.js                          86.76 kB │ gzip:   9.47 kB
dist/assets/hints-C3ZsM0su.js                            89.33 kB │ gzip:   7.22 kB
dist/assets/scrollbars-DXbwyQfz.js                       89.81 kB │ gzip:  13.55 kB
dist/assets/popups-nv0PxIEw.js                           91.39 kB │ gzip:  12.73 kB
dist/assets/textboxes-DrBuWv0t.js                        91.54 kB │ gzip:  11.34 kB
dist/assets/colors-DNgeOkn6.js                          117.23 kB │ gzip:   6.88 kB
dist/assets/comboboxes-C7NQorwP.js                      122.35 kB │ gzip:  10.07 kB
dist/assets/tabs-Dhi4n8N1.js                            124.66 kB │ gzip:   9.80 kB
dist/assets/dropdowns-DR8uoL8l.js                       131.21 kB │ gzip:  16.57 kB
dist/assets/accordions-Dq9jZ7uc.js                      132.67 kB │ gzip:  16.63 kB
dist/assets/timelines-D92HEbsA.js                       136.33 kB │ gzip:   7.87 kB
dist/assets/avatars-frOouRKn.js                         136.48 kB │ gzip:   7.63 kB
dist/assets/datepickers-Ch8wZddN.js                     144.58 kB │ gzip:  14.00 kB
dist/assets/searchbars-CA-_1__e.js                      153.78 kB │ gzip:  10.23 kB
dist/assets/contextmenus-BDekMOBM.js                    155.39 kB │ gzip:   9.77 kB
dist/assets/ratings-Bb2fFF2D.js                         168.97 kB │ gzip:   8.58 kB
dist/assets/commands-DsMdt1h_.js                        180.80 kB │ gzip:  10.46 kB
dist/assets/tables-ksXAn-ZT.js                          185.62 kB │ gzip:  12.27 kB
dist/assets/wizards-DS7D-hqv.js                         193.63 kB │ gzip:  10.99 kB
dist/assets/navigation-CQT3Hh_l.js                      274.33 kB │ gzip:  13.20 kB
dist/assets/index-C1idrK27.js                           576.08 kB │ gzip: 114.00 kB

✓ built in 9m 7s
[PLUGIN_TIMINGS] Plugin hooks ran for 546.1s of this 547.4s build (100%).
The slowest hooks, timed inside each callback (the wait before a callback starts is excluded, the time it awaits is included):
  - state-of-play-catalog load (99%, 540.8s, 2398 calls)
  - vite:css-post renderChunk (0%, 1.3s, 63 calls)
Additional hook time came from the hooks below and from hooks under 1s.
1 hook is listed without a time. Its calls overlapped, so the time inside one call includes work from other calls. To find its cost, profile the build with `node --cpu-prof`:
  - vite:css transform (1127 calls)
See https://rolldown.rs/reference/InputOptions.checks#plugintimings for more details.

